variant,bos_positions,seed,step,grad_loss,pos0_qk_pressure_mean,pos0_qk_pressure_max_head,pos0_qk_pressure_by_layer,keypos0_qk_pressure_mean,keypos0_qk_pressure_max_head,keypos0_qk_pressure_by_layer,keypos1_qk_pressure_mean,keypos1_qk_pressure_max_head,keypos1_qk_pressure_by_layer,keypos2_qk_pressure_mean,keypos2_qk_pressure_max_head,keypos2_qk_pressure_by_layer,keypos3_qk_pressure_mean,keypos3_qk_pressure_max_head,keypos3_qk_pressure_by_layer,keypos4_qk_pressure_mean,keypos4_qk_pressure_max_head,keypos4_qk_pressure_by_layer,keypos5_qk_pressure_mean,keypos5_qk_pressure_max_head,keypos5_qk_pressure_by_layer,keypos6_qk_pressure_mean,keypos6_qk_pressure_max_head,keypos6_qk_pressure_by_layer,keypos7_qk_pressure_mean,keypos7_qk_pressure_max_head,keypos7_qk_pressure_by_layer,keypos8_qk_pressure_mean,keypos8_qk_pressure_max_head,keypos8_qk_pressure_by_layer,keypos9_qk_pressure_mean,keypos9_qk_pressure_max_head,keypos9_qk_pressure_by_layer,keypos10_qk_pressure_mean,keypos10_qk_pressure_max_head,keypos10_qk_pressure_by_layer,keypos11_qk_pressure_mean,keypos11_qk_pressure_max_head,keypos11_qk_pressure_by_layer,keypos12_qk_pressure_mean,keypos12_qk_pressure_max_head,keypos12_qk_pressure_by_layer,keypos13_qk_pressure_mean,keypos13_qk_pressure_max_head,keypos13_qk_pressure_by_layer,keypos14_qk_pressure_mean,keypos14_qk_pressure_max_head,keypos14_qk_pressure_by_layer,keypos15_qk_pressure_mean,keypos15_qk_pressure_max_head,keypos15_qk_pressure_by_layer,nonpos0_firstn_qk_pressure_mean,nonpos0_firstn_qk_pressure_max,pos0_minus_nonpos0_firstn_qk_pressure,bos_pos0_qk_pressure_mean,bos_pos0_qk_pressure_max_head,bos_pos0_qk_pressure_by_layer,bos_qk_pressure_sum_mean,bos_qk_pressure_max_position_mean,eval_loss,pos0_attention_mean,pos0_attention_max_head,bos_pos0_attention_mean,bos_pos0_attention_max_head,bos_attention_sum_mean,bos_pos2_qk_pressure_mean,bos_pos2_qk_pressure_max_head,bos_pos2_qk_pressure_by_layer,bos_pos2_attention_mean,bos_pos2_attention_max_head,bos_pos4_qk_pressure_mean,bos_pos4_qk_pressure_max_head,bos_pos4_qk_pressure_by_layer,bos_pos4_attention_mean,bos_pos4_attention_max_head,bos_pos8_qk_pressure_mean,bos_pos8_qk_pressure_max_head,bos_pos8_qk_pressure_by_layer,bos_pos8_attention_mean,bos_pos8_attention_max_head,bos_pos16_qk_pressure_mean,bos_pos16_qk_pressure_max_head,bos_pos16_qk_pressure_by_layer,bos_pos16_attention_mean,bos_pos16_attention_max_head,bos_pos32_qk_pressure_mean,bos_pos32_qk_pressure_max_head,bos_pos32_qk_pressure_by_layer,bos_pos32_attention_mean,bos_pos32_attention_max_head,bos_pos64_qk_pressure_mean,bos_pos64_qk_pressure_max_head,bos_pos64_qk_pressure_by_layer,bos_pos64_attention_mean,bos_pos64_attention_max_head
single_0,0,0,10000,6.244710445404053,-3.1420391621850285e-08,1.1105290695923031e-06,-1.94757e-07 1.83275e-08 1.10662e-07 -5.99135e-08,-3.1420391621850285e-08,1.1105290695923031e-06,-1.94757e-07 1.83275e-08 1.10662e-07 -5.99135e-08,-8.379417693049618e-08,4.0395420342065336e-08,-2.51033e-07 -3.10227e-08 -6.51153e-09 -4.66096e-08,-2.6520064366764018e-08,9.468137562862466e-08,2.57953e-08 -7.83366e-08 -4.95574e-08 -3.98152e-09,5.625115040430728e-09,8.181480382063455e-08,2.02161e-08 2.28832e-08 -1.50579e-08 -5.54102e-09,-1.1342012662396428e-08,7.677441971054577e-08,1.28826e-08 -2.80673e-08 6.19531e-09 -3.63786e-08,7.102921806279028e-09,1.1870151439552501e-07,1.13124e-08 4.5621e-08 -2.12704e-08 -7.25131e-09,-6.292073528868514e-10,1.5474299175366468e-07,-1.67811e-08 2.42416e-08 -5.17039e-09 -4.80698e-09,-3.15795780636563e-08,2.9685407909596506e-08,-5.43555e-08 -4.91571e-08 -2.47725e-08 1.96677e-09,-7.622039888133259e-09,1.0163105201854705e-07,1.20251e-08 -7.20282e-08 4.80129e-08 -1.84979e-08,2.553015576722828e-10,9.566327463517155e-08,3.13594e-08 1.67856e-08 -4.87491e-08 1.62531e-09,1.8456814743217365e-08,1.7822819131652068e-07,8.42723e-08 2.40696e-08 -3.48828e-08 3.6819e-10,1.505797619927307e-08,1.2405340044097102e-07,4.22204e-09 3.80636e-08 2.93652e-08 -1.14189e-08,1.715703312754613e-08,1.4601070574826736e-07,3.90103e-08 -2.69069e-09 -1.02361e-08 4.25446e-08,8.76838335273078e-09,6.330159862955043e-08,2.16412e-08 -2.32599e-08 3.65956e-08 9.65577e-11,4.216182070138075e-09,1.1011151457296364e-07,-1.80987e-08 4.96482e-08 -1.29516e-08 -1.7332e-09,-3.248295499247433e-08,1.3554044642205554e-07,3.44773e-08 -7.58269e-08 -4.61365e-08 -4.24458e-08,-7.822020423967994e-09,1.8456814743217365e-08,-2.3598371197882292e-08,-3.1420391621850285e-08,1.1105290695923031e-06,-1.94757e-07 1.83275e-08 1.10662e-07 -5.99135e-08,-3.1420391621850285e-08,-3.1420391621850285e-08,6.244710445404053,0.06545029580593109,0.15359359979629517,0.06545029580593109,0.15359359979629517,0.06545029580593109,,,,,,,,,,,,,,,,,,,,,,,,,,,,,,
single_2,2,0,10000,6.094344139099121,1.7548268615996676e-08,2.8790316264348803e-07,1.12784e-07 -2.92807e-08 9.47678e-09 -2.27871e-08,1.7548268615996676e-08,2.8790316264348803e-07,1.12784e-07 -2.92807e-08 9.47678e-09 -2.27871e-08,-7.684642255867402e-09,1.1221758455803865e-07,5.01714e-08 -5.57644e-08 2.1949e-08 -4.70945e-08,-3.2261891647067387e-07,2.298330947780869e-08,-1.29267e-06 1.01556e-08 6.2786e-09 -1.4235e-08,1.952335360044799e-08,2.136540899755346e-07,9.8099e-08 8.61497e-09 -1.69476e-08 -1.1673e-08,1.4439977213953625e-08,1.8597403084186226e-07,8.30555e-08 -1.48241e-09 -1.99793e-09 -2.18153e-08,1.739631727559754e-08,2.1129483229742618e-07,6.02694e-08 1.39848e-09 -9.44614e-10 8.86201e-09,-9.79507319698314e-09,1.7162507504053792e-07,5.23764e-08 -5.91731e-08 -3.10618e-08 -1.32177e-09,1.3105413643188513e-08,2.578703117706027e-07,7.32148e-08 -2.44541e-08 8.02088e-09 -4.35995e-09,-7.260342549386678e-09,2.957870606223878e-07,7.57442e-08 -8.82307e-08 3.49677e-09 -2.00516e-08,1.240127467383445e-08,1.3765196626991383e-07,6.74281e-08 3.72088e-08 -4.59256e-08 -9.10614e-09,3.006512372394354e-08,2.169389006212441e-07,7.13091e-08 8.51813e-08 -1.74101e-08 -1.88199e-08,-6.122351514648017e-09,1.628543628839907e-07,8.11109e-09 -3.18353e-08 3.00993e-08 -3.08645e-08,-2.664726883594426e-09,1.7669384533292032e-07,-7.62855e-09 -2.44257e-09 -1.45478e-08 1.39601e-08,-2.1384622073128412e-08,1.0041051012876778e-07,2.38039e-08 -9.77363e-08 4.83518e-09 -1.64412e-08,-2.692292611072844e-09,1.1426650559087648e-07,6.00389e-09 5.56986e-09 -2.46216e-08 2.27862e-09,-2.1133249816784883e-08,1.418131176933457e-07,1.06354e-08 -4.41604e-08 -4.68083e-08 -4.1997e-09,-1.96283171494116e-08,3.006512372394354e-08,3.717658576540828e-08,,,,-3.2261891647067387e-07,-3.2261891647067387e-07,6.094344139099121,0.02151034213602543,0.03500555455684662,,,0.020811526104807854,-3.2261891647067387e-07,2.298330947780869e-08,-1.29267e-06 1.01556e-08 6.2786e-09 -1.4235e-08,0.020811526104807854,0.12269335240125656,,,,,,,,,,,,,,,,,,,,,,,,,
single_4,4,0,10000,6.144552230834961,1.868308352470649e-08,2.4113560925798083e-07,2.48449e-08 9.93405e-08 -1.74787e-08 -3.19744e-08,1.868308352470649e-08,2.4113560925798083e-07,2.48449e-08 9.93405e-08 -1.74787e-08 -3.19744e-08,-1.8280086777622273e-08,5.937585001447587e-07,1.0714e-07 -7.18886e-08 -2.39395e-08 -8.44321e-08,2.7038254302169662e-08,3.813323985468742e-07,1.22055e-07 2.14183e-08 -1.1102e-08 -2.42188e-08,2.4826167788205566e-09,3.277086477737612e-07,3.71875e-08 4.48982e-09 -1.29531e-09 -3.04515e-08,1.1414913458906994e-08,3.7136042010388337e-06,3.50559e-08 4.95822e-08 -4.59021e-09 -3.43883e-08,-4.6358712424421356e-09,2.309068918293633e-07,3.91823e-08 -4.78073e-08 -1.24183e-08 2.49981e-09,-6.945694241977662e-09,1.889179515046635e-07,3.67367e-08 -5.11579e-08 -3.80994e-09 -9.55169e-09,-3.2991787080050017e-09,1.0810475714606582e-07,5.62592e-09 -1.57222e-08 -7.12964e-09 4.02918e-09,3.3483300576619968e-09,1.7962400988835725e-07,7.25739e-08 -5.86454e-08 1.09422e-08 -1.14773e-08,-1.0772698288974425e-09,2.0433651570783695e-07,2.32635e-08 3.3275e-08 -5.13698e-08 -9.47772e-09,4.777413131762387e-09,1.0685048579262002e-07,-2.93144e-08 4.0458e-08 -2.94621e-09 1.09123e-08,1.8465559747937732e-08,1.5051642776597873e-07,-7.49731e-09 7.68454e-08 4.76104e-09 -2.46835e-10,-6.528097618030415e-09,6.603389124393289e-08,1.21661e-08 -2.97383e-08 3.54441e-09 -1.20846e-08,-2.020255962520423e-08,6.225096171874611e-08,-7.78742e-10 -4.55146e-08 -3.03322e-08 -4.18467e-09,-1.4171392948014727e-08,1.7516293837616104e-07,3.32316e-08 -7.52833e-08 -5.0379e-08 3.57452e-08,-4.8462712953778464e-08,7.832402815211026e-08,-8.75418e-08 -3.16482e-08 -3.70946e-08 -3.75662e-08,-3.7383850977808684e-09,2.7038254302169662e-08,2.2421468622487358e-08,,,,1.1414913458906994e-08,1.1414913458906994e-08,6.144552230834961,0.02445516176521778,0.047787126153707504,,,0.01593799516558647,,,,,,1.1414913458906994e-08,3.7136042010388337e-06,3.50559e-08 4.95822e-08 -4.59021e-09 -3.43883e-08,0.01593799516558647,0.07737482339143753,,,,,,,,,,,,,,,,,,,,
single_8,8,0,10000,6.160914421081543,1.3451011859899609e-08,1.2416339814080857e-06,7.79075e-08 2.36975e-08 -1.31267e-08 -3.46743e-08,1.3451011859899609e-08,1.2416339814080857e-06,7.79075e-08 2.36975e-08 -1.31267e-08 -3.46743e-08,3.2096250102142676e-09,4.258546937307983e-07,1.00086e-07 -5.05725e-08 -2.8865e-08 -7.80963e-09,2.826368916686306e-09,2.427958918360673e-07,5.05699e-08 -1.03933e-08 -3.51215e-08 6.25034e-09,-4.4246308839035464e-09,2.751535816969408e-07,7.32838e-08 -5.94193e-08 5.54972e-09 -3.71128e-08,1.623814682716329e-08,1.3731809644923487e-07,6.1284e-08 1.14709e-08 -2.30462e-08 1.52439e-08,1.0830287777707781e-08,2.417204711946397e-07,6.72712e-08 -2.87717e-08 2.09304e-08 -1.61087e-08,1.9572445886240075e-09,8.663320727464452e-08,-1.00469e-08 1.7009e-08 -1.06329e-08 1.14997e-08,2.5567437056395192e-09,4.3346139477762335e-07,4.14919e-08 -1.00826e-08 -2.71775e-09 -1.84647e-08,-1.4770435541322513e-07,3.754176702841505e-07,-5.98897e-07 2.4205e-08 -1.64778e-09 -1.44776e-08,-2.5940924075484872e-08,1.1047222159277226e-07,-8.93126e-09 -5.79276e-08 -3.41593e-08 -2.74558e-09,-2.1398086857971066e-08,1.4827537597739138e-07,-3.51408e-08 -3.1048e-09 -3.88352e-08 -8.51154e-09,7.397980006373928e-09,1.8369631504810968e-07,-6.59779e-08 7.00855e-08 1.02939e-08 1.51905e-08,-2.7521641854377776e-08,6.507160321689298e-08,-2.9059e-08 -5.65215e-08 -9.49566e-09 -1.50104e-08,-6.522765438887745e-09,1.1037515434964007e-07,-3.50569e-08 3.53888e-08 -2.03308e-08 -6.09219e-09,-3.396613124095893e-08,8.414627217234738e-08,-1.55694e-08 -5.24585e-08 -4.08327e-08 -2.70038e-08,-5.4503807689343375e-08,1.520764811857589e-07,5.58766e-09 -1.78441e-07 5.0259e-09 -5.01879e-08,-1.8464396441449557e-08,1.623814682716329e-08,3.1915408301349166e-08,,,,-1.4770435541322513e-07,-1.4770435541322513e-07,6.160914421081543,0.024774976074695587,0.04220791906118393,,,0.017149724066257477,,,,,,,,,,,-1.4770435541322513e-07,3.754176702841505e-07,-5.98897e-07 2.4205e-08 -1.64778e-09 -1.44776e-08,0.017149724066257477,0.08612224459648132,,,,,,,,,,,,,,,
single_16,16,0,10000,6.176147937774658,-1.0226032465254775e-08,1.487485832285529e-07,2.22106e-08 -3.12053e-10 -1.12069e-08 -5.15958e-08,-1.0226032465254775e-08,1.487485832285529e-07,2.22106e-08 -3.12053e-10 -1.12069e-08 -5.15958e-08,1.1991145854040042e-08,6.147883482299221e-07,1.31686e-07 -2.79555e-08 -2.23836e-08 -3.33823e-08,2.3992335229650052e-08,3.894155327088811e-07,1.33067e-07 -6.08428e-09 -1.22309e-08 -1.87825e-08,-7.781355115810129e-09,3.6371895362208306e-07,5.01765e-08 -2.61897e-08 -3.62149e-08 -1.88973e-08,4.0349721786014925e-08,3.759161018024315e-07,1.11888e-07 6.02274e-08 -1.02428e-08 -4.7374e-10,1.3272781984596804e-08,2.579345448339154e-07,7.89416e-08 -3.44063e-08 2.06504e-09 6.4908e-09,1.9583752397522858e-09,2.3091833156740904e-07,7.31299e-09 7.78871e-09 -2.02633e-08 1.29951e-08,-5.63855628854526e-09,1.281567847399856e-07,-1.01412e-09 -2.55648e-08 2.27461e-08 -1.87214e-08,1.918727399186082e-08,2.96487968398651e-07,8.93379e-08 2.3726e-08 -4.53604e-08 9.04565e-09,1.3822889499692792e-09,1.359094738972999e-07,5.17441e-08 -3.28207e-08 -2.21341e-08 8.73988e-09,1.0936779482051406e-08,1.0543515571725948e-07,3.75346e-08 -2.30242e-09 1.05485e-08 -2.03355e-09,-9.989522098408088e-09,1.1605331451391976e-07,-1.8495e-08 1.07235e-08 -1.9094e-08 -1.30927e-08,-4.644261863973043e-09,7.410431379639704e-08,-1.71287e-08 4.71789e-09 -1.42478e-09 -4.74145e-09,-1.4288472627299598e-08,6.768096483256159e-08,-2.50705e-08 -2.77702e-08 -2.24349e-08 1.81216e-08,-6.101488025933577e-08,3.9887911640335005e-08,-1.37076e-07 -6.92254e-08 -1.11521e-08 -2.66059e-08,-1.9955562535756144e-08,3.6796912183945096e-08,-8.48918e-09 -2.87156e-08 -1.65866e-08 -2.60309e-08,-1.612721807949432e-11,4.0349721786014925e-08,-1.0209905247175281e-08,,,,-1.2725917031275458e-07,-1.2725917031275458e-07,6.176147937774658,0.025041747838258743,0.05576002225279808,,,0.011025233194231987,,,,,,,,,,,,,,,,-1.2725917031275458e-07,5.14215912517102e-07,-5.08244e-07 -1.01357e-09 -1.05638e-09 1.27744e-09,0.011025233194231987,0.07718400657176971,,,,,,,,,,
single_32,32,0,10000,6.201285362243652,5.877538100662605e-08,1.0107256684932509e-06,2.23035e-07 1.16109e-08 1.66053e-08 -1.61497e-08,5.877538100662605e-08,1.0107256684932509e-06,2.23035e-07 1.16109e-08 1.66053e-08 -1.61497e-08,7.712625205158474e-09,7.821150234121887e-07,1.88535e-07 -7.16302e-08 -4.11668e-08 -4.48871e-08,2.7745798547584855e-08,3.7233351690701966e-07,1.41556e-07 -6.63244e-09 -2.32495e-08 -6.91056e-10,1.738402133355521e-08,3.6441238648876606e-07,5.45027e-08 1.40925e-08 1.59362e-08 -1.49953e-08,4.695619892913783e-08,4.788976752934104e-07,1.70448e-07 8.47481e-09 8.19409e-09 7.07973e-10,5.003589986785073e-09,3.260248888636852e-07,5.99436e-08 -2.80756e-08 -5.04466e-09 -6.80904e-09,6.893309745237275e-08,3.8312532524287235e-07,1.67983e-07 1.11272e-07 2.60549e-09 -6.12845e-09,1.1574424085836199e-08,1.627518315672205e-07,6.64026e-08 -1.42329e-08 1.02273e-08 -1.60993e-08,1.4564465189437215e-08,1.5341591108608554e-07,2.83795e-08 7.29806e-08 -2.21518e-08 -2.09505e-08,2.7517627287920732e-08,2.2148354617002042e-07,7.59329e-08 5.24569e-08 6.12855e-09 -2.44478e-08,4.344362647401567e-09,7.084116049327349e-08,-1.19597e-08 2.85269e-08 2.63414e-10 5.46817e-10,-3.169724926976869e-09,6.594847690166716e-08,-7.65942e-09 6.57112e-10 1.45382e-08 -2.02148e-08,-1.7202319568809799e-09,1.2222402290262835e-07,-4.43598e-09 1.82919e-08 -7.98923e-09 -1.27476e-08,-1.7771739635463746e-08,1.2619148037629202e-07,-2.58362e-08 -3.71658e-08 -2.6381e-08 1.82961e-08,-6.549112896436782e-08,1.5351054116763407e-07,-5.22985e-08 -7.88319e-08 -1.04412e-07 -2.64218e-08,-1.5472913617031736e-08,1.0473117129095044e-07,-3.00015e-08 -3.60115e-08 4.31299e-10 3.69008e-09,8.540698104297916e-09,6.893309745237275e-08,5.023468290232813e-08,,,,7.685434866289143e-08,7.685434866289143e-08,6.201285362243652,0.023466411978006363,0.04868784546852112,,,0.006548905745148659,,,,,,,,,,,,,,,,,,,,,7.685434866289143e-08,1.20661434266367e-06,2.92551e-07 8.40055e-09 -2.41589e-09 8.88161e-09,0.006548905745148659,0.040740083903074265,,,,,
single_64,64,0,10000,6.097412109375,6.6037744161917544e-09,4.855709789808316e-07,4.61738e-08 6.17735e-09 7.92004e-09 -3.38561e-08,6.6037744161917544e-09,4.855709789808316e-07,4.61738e-08 6.17735e-09 7.92004e-09 -3.38561e-08,8.918947358438345e-09,5.7179931900464e-07,1.10964e-07 -3.17816e-08 -1.77746e-08 -2.57317e-08,2.7235886879140025e-09,2.298173882309129e-07,8.06687e-08 -3.99126e-08 -1.51571e-08 -1.47047e-08,-1.622659517863667e-08,2.5824894578363455e-07,4.21024e-08 -1.06733e-07 2.81105e-08 -2.83859e-08,3.139248505590331e-08,2.625479567086586e-07,1.15357e-07 1.96821e-08 3.31988e-09 -1.27889e-08,1.712456842994925e-08,3.231780283385888e-07,1.11004e-07 -1.44176e-08 -2.26637e-08 -5.42466e-09,-1.0440079911688827e-08,2.074637421856096e-07,3.68602e-08 -4.22579e-08 -1.95169e-08 -1.68457e-08,-1.7542433283779246e-08,1.2700242280061502e-07,4.24283e-10 -2.32492e-08 -2.3468e-08 -2.38768e-08,1.6149069637094726e-08,2.072304141620407e-07,3.06282e-08 2.28202e-08 1.20835e-08 -9.35643e-10,1.3585618852118841e-08,3.367914871432731e-07,6.52052e-08 -1.35172e-08 4.91904e-10 2.16258e-09,1.5116379259438872e-08,2.0337812145498901e-07,1.4455e-08 5.00888e-08 1.09115e-08 -1.49898e-08,-1.0224434632277735e-09,6.586395073782114e-08,4.18209e-08 -1.69919e-08 -2.10972e-08 -7.82159e-09,1.6743397779350744e-09,1.1839046720751867e-07,-1.7815e-08 1.05423e-08 9.6606e-09 4.30941e-09,1.3718745250912434e-08,1.6705352834378573e-07,2.18971e-08 9.42758e-09 3.7029e-08 -1.34786e-08,-4.044807155878516e-08,8.473890744653545e-08,-3.05001e-08 -7.88485e-08 -2.63175e-08 -2.61262e-08,6.960264808952843e-09,1.3728966052894975e-07,3.5061e-08 2.88412e-08 6.86181e-09 -4.2923e-08,2.7789589148360014e-09,3.139248505590331e-08,3.8248155013557526e-09,,,,-3.5317270885570906e-08,-3.5317270885570906e-08,6.097412109375,0.024179017171263695,0.04306265339255333,,,0.0057281129993498325,,,,,,,,,,,,,,,,,,,,,,,,,,-3.5317270885570906e-08,2.6895133231619184e-08,-9.58092e-08 -4.16864e-08 -5.4013e-09 1.62781e-09,0.0057281129993498325,0.01905456744134426
no_bos,none,0,10000,6.1492133140563965,1.637812374610803e-08,3.9842211663199123e-07,4.98483e-08 5.09017e-08 -1.62767e-08 -1.89608e-08,1.637812374610803e-08,3.9842211663199123e-07,4.98483e-08 5.09017e-08 -1.62767e-08 -1.89608e-08,-4.0092635877897465e-09,7.972680577950086e-07,6.82678e-08 -4.41572e-08 -9.16885e-09 -3.09788e-08,-2.068074778094342e-08,4.0990272509588976e-07,1.7018e-08 -5.68867e-08 -2.41124e-08 -1.87418e-08,1.6577851980059677e-08,4.7664798330515623e-07,9.18627e-08 -2.41604e-09 7.89396e-09 -3.10292e-08,1.792263404354344e-08,2.9400399625956197e-07,9.01273e-08 8.12946e-09 -1.83494e-08 -8.21682e-09,1.2881622879490351e-08,2.3301622320559545e-07,2.43407e-08 4.72875e-08 -7.69057e-09 -1.24112e-08,2.1249293880032383e-08,2.2816924172275321e-07,7.03873e-08 3.19233e-08 -4.82243e-09 -1.24909e-08,-8.77140227117934e-09,3.0086260949246935e-07,3.84774e-08 -4.20845e-08 -1.01805e-08 -2.1298e-08,1.9403879392143608e-08,1.1441088076935557e-07,2.11988e-08 6.60125e-09 3.74025e-08 1.2413e-08,-1.1955657797102504e-08,7.170987004201379e-08,-3.78884e-08 1.73012e-08 -2.38758e-08 -3.35967e-09,8.57390958231008e-09,6.421922904564781e-08,3.01379e-08 2.16757e-08 -4.77886e-09 -1.27392e-08,-2.0215342289020555e-08,6.57181260521611e-08,-4.70167e-08 -2.65948e-08 1.76188e-08 -2.48687e-08,-1.1841982505700344e-08,9.878613127511926e-08,4.0046e-08 -7.36765e-08 -2.72096e-08 1.34722e-08,-1.709616626044408e-08,7.05927476474244e-08,-1.73229e-08 -3.64562e-08 -2.17996e-08 7.194e-09,-2.1484389378656488e-08,9.728717742518711e-08,-3.35683e-08 -1.10927e-08 -1.12875e-08 -2.99891e-08,-8.214714242171794e-09,2.0053450100476766e-07,5.72609e-08 8.19368e-09 -6.52804e-08 -3.3033e-08,-1.844031623695249e-09,2.1249293880032383e-08,1.822215536980328e-08,,,,0.0,nan,6.1492133140563965,0.02336626499891281,0.05070755258202553,,,0.0,,,,,,,,,,,,,,,,,,,,,,,,,,,,,,
"duplicate_0,8",0 8,0,10000,6.1212615966796875,1.8292341508185928e-07,2.9021928185102297e-06,7.43194e-07 1.50929e-08 1.29494e-07 -1.56087e-07,1.8292341508185928e-07,2.9021928185102297e-06,7.43194e-07 1.50929e-08 1.29494e-07 -1.56087e-07,-6.65903883145802e-08,1.8501519605251815e-07,-6.49597e-08 -6.71685e-08 -6.36917e-08 -7.05417e-08,-1.6159241056357132e-08,1.9648652482828766e-07,3.60592e-08 -7.07121e-08 -2.36025e-08 -6.38152e-09,1.5116139451265553e-09,1.5652321394554747e-07,1.13811e-08 4.38643e-08 -2.79867e-08 -2.12122e-08,-7.207664243225054e-09,1.3373760054946615e-07,3.02418e-08 -1.53129e-08 -3.16438e-08 -1.21158e-08,1.848359865164184e-08,1.6317994777637068e-07,4.40295e-08 4.25437e-08 -7.83473e-09 -4.80399e-09,-2.122812858829093e-08,5.643801515020641e-08,-1.2938e-08 -5.94324e-08 -1.83823e-08 5.84027e-09,-2.4594497105567825e-08,1.1699606972115362e-07,-6.73429e-08 1.31964e-08 -8.38038e-09 -3.58511e-08,-1.5798457653204423e-08,8.536441100659431e-07,-6.71805e-08 2.93694e-09 -1.78925e-09 2.83891e-09,9.193333205814724e-09,1.2382467673432984e-07,-2.34342e-09 -8.83849e-09 4.74493e-08 5.05988e-10,-1.072784261424431e-08,8.751276681095987e-08,-5.35437e-08 3.28478e-08 9.07597e-09 -3.12915e-08,1.5992657864671855e-08,1.6883684850199643e-07,-2.14752e-08 6.86533e-08 3.44446e-08 -1.76521e-08,-2.0748805340531362e-08,1.8553549807620584e-07,-3.07127e-08 -4.23158e-08 -2.277e-08 1.28032e-08,-1.29008448368495e-09,1.6465706664803292e-07,-8.9794e-09 1.13811e-08 9.85608e-09 -1.74181e-08,-3.173426676994495e-08,1.286911270881319e-07,-9.93193e-08 -2.8073e-08 -2.15468e-08 2.2002e-08,-5.403837377571108e-08,1.4429926409320615e-07,-9.90789e-08 -3.7524e-08 -6.37302e-08 -1.58204e-08,-1.499576975187248e-08,1.848359865164184e-08,1.9791918483373174e-07,1.8292341508185928e-07,2.9021928185102297e-06,7.43194e-07 1.50929e-08 1.29494e-07 -1.56087e-07,1.6712495742865485e-07,1.8292341508185928e-07,6.1212615966796875,0.07228846848011017,0.18981125950813293,0.07228846848011017,0.18981125950813293,0.08400597423315048,,,,,,,,,,,-1.5798457653204423e-08,8.536441100659431e-07,-6.71805e-08 2.93694e-09 -1.78925e-09 2.83891e-09,0.011717505753040314,0.07268886268138885,,,,,,,,,,,,,,,
"duplicate_0,32",0 32,0,10000,6.189098358154297,2.1173987363454216e-07,1.2186204685349367e-06,8.00331e-07 2.33426e-08 6.78395e-08 -4.45534e-08,2.1173987363454216e-07,1.2186204685349367e-06,8.00331e-07 2.33426e-08 6.78395e-08 -4.45534e-08,-8.535187845382097e-08,9.000234513223404e-08,-2.29523e-07 -1.94065e-08 -3.76603e-08 -5.48179e-08,-4.423066002345877e-08,5.2423715146687755e-08,-4.55759e-08 -8.52325e-08 -3.75738e-08 -8.5405e-09,-7.848605321214563e-09,1.0592859212010808e-07,9.30833e-09 -1.24764e-08 -6.16092e-09 -2.20654e-08,-2.5745496401441414e-08,9.962410985053793e-08,-6.3537e-08 -2.02359e-08 -6.56171e-09 -1.26474e-08,1.4365704181784622e-08,8.5330121635252e-08,2.37529e-08 7.77506e-09 4.05112e-08 -1.45764e-08,-7.76956632364545e-09,1.0219237367437017e-07,-1.03896e-08 3.10814e-08 -5.35178e-08 1.74769e-09,-6.04628258571438e-09,4.790762631046164e-08,9.73443e-09 -3.27755e-08 1.24454e-08 -1.35894e-08,1.4424793803868852e-08,1.1042470760003198e-07,2.6679e-08 1.70366e-08 3.10508e-08 -1.70673e-08,-3.2686018336391953e-09,7.592252160293356e-08,-8.20207e-09 -1.08698e-08 1.17831e-08 -5.78561e-09,2.4759744476909873e-08,2.1769986346953374e-07,5.49884e-08 2.0458e-08 2.70798e-08 -3.4872e-09,-3.8193867624158884e-08,8.084390401563724e-08,-9.40608e-08 -4.056e-08 -3.32783e-08 1.51236e-08,1.2465825705021416e-08,1.333022225935565e-07,9.04589e-09 3.77385e-08 -1.19074e-08 1.49863e-08,-2.315776015393567e-08,6.176976796723466e-08,-1.99026e-08 -4.93552e-08 -1.07559e-08 -1.26174e-08,-2.550737576711981e-08,8.104574078515725e-08,-5.54128e-09 -1.81592e-08 -4.72413e-08 -3.10877e-08,-4.02274729083274e-08,1.2045697417306656e-07,-6.42158e-08 -4.15427e-08 -5.03618e-08 -4.78965e-09,-1.608876661525945e-08,2.4759744476909873e-08,2.2782864024980162e-07,2.1173987363454216e-07,1.2186204685349367e-06,8.00331e-07 2.33426e-08 6.78395e-08 -4.45534e-08,2.924846711493956e-07,2.1173987363454216e-07,6.189098358154297,0.07025337964296341,0.1831391304731369,0.07025337964296341,0.1831391304731369,0.0756021779961884,,,,,,,,,,,,,,,,,,,,,8.074479751485342e-08,1.0486165820111637e-06,3.12826e-07 5.59832e-09 -2.45106e-09 7.00576e-09,0.005348798353224993,0.01392142940312624,,,,,
single_0,0,1,10000,6.239736080169678,-2.499335494121624e-07,1.952101911228965e-06,-7.73816e-07 -3.56498e-08 1.31232e-07 -3.215e-07,-2.499335494121624e-07,1.952101911228965e-06,-7.73816e-07 -3.56498e-08 1.31232e-07 -3.215e-07,-2.0557195057335775e-08,2.2492110929306364e-07,-8.73008e-08 5.42287e-08 -1.37419e-08 -3.54148e-08,-5.290567273164015e-08,1.9254012784131191e-07,-3.47417e-08 -8.5656e-08 -1.58501e-08 -7.53749e-08,1.148707884368605e-08,1.9230036230055703e-07,3.84376e-08 1.15597e-08 -2.79689e-09 -1.25207e-09,1.7897521686904838e-08,2.082219765497939e-07,9.48792e-08 3.29191e-08 -1.41053e-08 -4.21028e-08,2.626225636959134e-08,1.8672980672818085e-07,8.83894e-08 1.39018e-08 -1.75193e-08 2.02772e-08,2.4718058710959667e-09,1.8618634101130738e-07,7.28178e-08 -7.58821e-08 1.91521e-09 1.10363e-08,1.718205133727224e-08,2.0591097893429833e-07,8.66439e-08 -1.20531e-08 -1.84537e-08 1.25911e-08,-8.103933524239437e-09,1.7124376938681962e-07,8.38568e-09 -1.27212e-08 -1.10085e-08 -1.70718e-08,5.8006408565347556e-09,3.885892851940298e-07,1.42076e-07 -3.93315e-08 -5.06132e-08 -2.89284e-08,3.2047353215602925e-08,3.4772691037687764e-07,1.04227e-07 6.22722e-08 -2.2192e-08 -1.61177e-08,8.312743382532517e-09,2.512317962555244e-07,9.59626e-09 3.39677e-08 -1.4176e-08 3.86301e-09,1.423639695019574e-08,1.4845942075680796e-07,6.15246e-08 2.37407e-08 -2.83019e-08 -1.78355e-11,-1.0482874124306818e-08,7.144419811311309e-08,-1.95958e-08 -2.34844e-08 -9.95554e-09 1.11043e-08,-1.2711517172192544e-08,8.447182153759059e-08,-4.20895e-08 -5.12945e-11 -1.96922e-08 1.0987e-08,-4.6221288130254834e-08,9.24261982504504e-08,1.55966e-08 -1.20812e-07 -2.23054e-08 -5.7364e-08,-1.0189754817702123e-09,3.2047353215602925e-08,-2.489145739303922e-07,-2.499335494121624e-07,1.952101911228965e-06,-7.73816e-07 -3.56498e-08 1.31232e-07 -3.215e-07,-2.499335494121624e-07,-2.499335494121624e-07,6.239736080169678,0.08199004828929901,0.20160536468029022,0.08199004828929901,0.20160536468029022,0.08199004828929901,,,,,,,,,,,,,,,,,,,,,,,,,,,,,,
single_2,2,1,10000,6.183690071105957,3.069737175565024e-08,3.7915427242296573e-07,1.2517e-07 3.91486e-08 -1.13795e-08 -3.015e-08,3.069737175565024e-08,3.7915427242296573e-07,1.2517e-07 3.91486e-08 -1.13795e-08 -3.015e-08,-2.877667215628321e-09,4.208866926092014e-07,6.16904e-08 -5.56852e-08 1.345e-08 -3.09658e-08,-1.062737453594309e-07,1.5694080275352462e-06,-4.28301e-07 2.79706e-08 -9.00587e-09 -1.57584e-08,8.765489667439397e-09,4.139925238177966e-07,1.51331e-07 -5.06168e-08 -5.62251e-08 -9.42751e-09,-1.5920713636319306e-08,3.015321681232308e-07,1.30379e-08 -2.8039e-08 -2.74898e-08 -2.11919e-08,4.278207299535097e-08,2.2699751411892066e-07,1.3642e-07 3.2017e-08 -8.14389e-09 1.08347e-08,1.3635319540128421e-08,2.6358964078099234e-07,5.92432e-08 -5.14892e-09 1.38279e-08 -1.33809e-08,3.381828150850197e-11,2.0316633708716836e-07,5.72982e-08 -4.89217e-08 -3.36187e-09 -4.8794e-09,8.331104695002978e-10,3.001931361268362e-07,9.95111e-08 -1.00926e-07 1.77016e-08 -1.29544e-08,2.64873047939318e-08,2.634507154652965e-07,1.019e-07 4.05005e-08 -6.15844e-09 -3.02927e-08,-1.4787235436131141e-08,7.009390401435667e-08,-1.681e-08 -1.70827e-08 4.36791e-09 -2.96241e-08,1.1437544245040954e-08,1.553212882754451e-07,1.29215e-08 4.62486e-08 1.36946e-08 -2.71146e-08,-1.6684278847378664e-08,1.480032665313047e-07,-1.12376e-10 -1.50999e-08 -3.36912e-08 -1.78337e-08,-1.2752226830059499e-08,1.0479809020580433e-07,1.58541e-08 -4.71175e-08 -1.16441e-08 -8.10147e-09,-9.529087741100284e-09,4.930906882805175e-08,-2.36128e-08 -1.18001e-08 4.18219e-10 -3.12171e-09,-1.3893792782937453e-09,2.0587557969520276e-07,7.60959e-08 -3.53368e-08 -6.2387e-08 1.60704e-08,-5.082644956762768e-09,4.278207299535097e-08,3.578001671241301e-08,,,,-1.062737453594309e-07,-1.062737453594309e-07,6.183690071105957,0.02015789784491062,0.03334440290927887,,,0.022029098123311996,-1.062737453594309e-07,1.5694080275352462e-06,-4.28301e-07 2.79706e-08 -9.00587e-09 -1.57584e-08,0.022029098123311996,0.10365079343318939,,,,,,,,,,,,,,,,,,,,,,,,,
single_4,4,1,10000,6.09861946105957,8.736721923696678e-08,1.4050034451429383e-06,3.9096e-07 5.43143e-08 -4.75995e-08 -4.82058e-08,8.736721923696678e-08,1.4050034451429383e-06,3.9096e-07 5.43143e-08 -4.75995e-08 -4.82058e-08,-1.2822752637475787e-08,3.6680529547084006e-07,9.88758e-08 -1.0461e-07 -1.62307e-08 -2.93261e-08,3.006051230158846e-08,3.146276981169649e-07,1.20294e-07 -1.88337e-09 -4.71388e-09 6.54558e-09,-8.421134900515881e-09,5.704309558041132e-08,-8.88027e-09 -1.80608e-08 2.91595e-09 -9.65946e-09,9.827612501567273e-09,1.6814248056107317e-06,4.77136e-08 -1.02893e-09 9.44565e-09 -1.68198e-08,1.570212049273323e-08,8.661384498509506e-08,2.51579e-08 1.62222e-08 6.62263e-09 1.48057e-08,5.007149805891231e-09,9.50038199221126e-08,3.05171e-08 -2.03837e-08 1.20957e-08 -2.20038e-09,-3.841652329583667e-09,6.244783889997052e-08,-4.06762e-08 1.5996e-08 1.90422e-08 -9.72865e-09,-1.9514047266966372e-08,5.6228458333862363e-08,-1.48707e-08 -3.95845e-08 -7.65694e-09 -1.59441e-08,-2.1616903822518907e-08,3.289045125143275e-08,-4.73442e-08 -2.46599e-08 -1.42243e-08 -2.3916e-10,-6.968070564994377e-10,1.4597871711430344e-07,4.21392e-08 1.37725e-08 -2.98494e-08 -2.88496e-08,8.51828607650873e-10,1.20322127372674e-07,-2.60601e-08 1.26718e-08 2.60741e-08 -9.27854e-09,-1.028098850497372e-08,5.159835936296986e-08,-2.46998e-08 -1.73856e-08 -2.41468e-08 2.51083e-08,-1.3878025839630936e-08,1.199100552184973e-07,-1.43938e-08 -4.23725e-08 1.41579e-10 1.11267e-09,-3.468869635980809e-08,2.8444100408364648e-08,-6.92085e-08 -1.38571e-08 -6.81378e-09 -4.88754e-08,-3.162654849120372e-08,9.173189852162977e-08,3.11999e-08 -1.04991e-07 -2.04497e-08 -3.22654e-08,-6.39588889998303e-09,3.006051230158846e-08,9.376310813694981e-08,,,,9.827612501567273e-09,9.827612501567273e-09,6.09861946105957,0.02240714058279991,0.04192254692316055,,,0.0181735772639513,,,,,,9.827612501567273e-09,1.6814248056107317e-06,4.77136e-08 -1.02893e-09 9.44565e-09 -1.68198e-08,0.0181735772639513,0.09564851969480515,,,,,,,,,,,,,,,,,,,,
single_8,8,1,10000,6.073429584503174,-4.087068461444687e-09,1.828535971526435e-07,4.13195e-08 8.73422e-09 -3.5653e-08 -3.0749e-08,-4.087068461444687e-09,1.828535971526435e-07,4.13195e-08 8.73422e-09 -3.5653e-08 -3.0749e-08,-4.536241604569113e-09,3.783148940783576e-07,8.83806e-08 -3.0096e-08 -2.34775e-08 -5.29522e-08,1.6542644587502764e-08,3.2882925893318316e-07,1.55565e-07 -3.36786e-08 -3.36025e-08 -2.21137e-08,-9.112689269841212e-09,2.091079664978679e-07,4.56558e-08 -2.54436e-08 -2.70254e-08 -2.96375e-08,8.973882970053637e-09,1.952835617657911e-07,3.43763e-08 4.71801e-09 -3.03834e-09 -1.60421e-10,8.732682132972514e-09,8.43139034145679e-08,5.12035e-08 -5.67251e-09 3.25875e-09 -1.3859e-08,1.646908387442636e-08,1.686880040097094e-07,1.5969e-08 3.93674e-08 2.68314e-09 7.85679e-09,-3.3335396665279404e-09,1.1666918453556718e-07,1.66145e-08 -4.3895e-08 1.75063e-08 -3.56002e-09,-1.0562958507875919e-08,1.1739717820091755e-06,-5.85921e-08 4.39756e-09 1.84917e-09 1.00936e-08,-6.509259797837785e-09,2.035378656728426e-07,5.42098e-08 -5.2904e-08 -2.41894e-08 -3.15334e-09,-1.22200987107135e-08,1.0157599916738036e-07,3.00081e-09 -2.37591e-08 1.34504e-10 -2.82566e-08,-6.548894759816903e-11,1.5618276449913537e-07,6.91054e-08 -3.91643e-08 1.34761e-09 -3.15506e-08,2.1007302564157726e-09,1.9071339352194627e-07,1.63641e-08 2.72715e-08 -2.70731e-08 -8.15952e-09,1.042182518062873e-08,9.177797011261646e-08,1.45941e-08 2.93738e-08 -1.206e-08 9.77936e-09,-2.7227809340502063e-08,1.0914943260331711e-07,-4.04647e-08 -1.71946e-08 -2.44985e-08 -2.67535e-08,-3.621214972326925e-08,1.6425103410711017e-07,-7.01236e-08 -2.79261e-09 -4.06493e-08 -3.1283e-08,-3.1026257711156785e-09,1.6542644587502764e-08,-9.844426903290088e-10,,,,-1.0562958507875919e-08,-1.0562958507875919e-08,6.073429584503174,0.022735897451639175,0.044126734137535095,,,0.018448343500494957,,,,,,,,,,,-1.0562958507875919e-08,1.1739717820091755e-06,-5.85921e-08 4.39756e-09 1.84917e-09 1.00936e-08,0.018448343500494957,0.08967944979667664,,,,,,,,,,,,,,,
single_16,16,1,10000,6.1183929443359375,2.783389518867807e-08,1.1262568477832247e-06,1.46835e-07 -1.10743e-08 9.65653e-09 -3.4082e-08,2.783389518867807e-08,1.1262568477832247e-06,1.46835e-07 -1.10743e-08 9.65653e-09 -3.4082e-08,-1.3288062206129325e-08,5.308459094521822e-07,8.43527e-08 -9.26169e-08 1.00167e-08 -5.49048e-08,3.857412167462826e-08,2.680768602658645e-07,1.54537e-07 -4.80886e-11 -1.03497e-08 1.01572e-08,2.608087523725544e-09,3.0909475867701985e-07,1.00565e-07 -4.89208e-08 -2.59716e-08 -1.52401e-08,9.79208003570875e-09,1.806226208600492e-07,8.55231e-08 -3.39943e-09 -2.96601e-08 -1.32953e-08,9.772818998499133e-09,2.648886834322184e-07,5.99523e-08 -3.97998e-08 4.27339e-08 -2.37951e-08,1.6909041278267978e-08,1.1119857390440302e-07,4.12148e-08 4.58972e-08 -2.55101e-08 6.03428e-09,1.3269128906756578e-08,3.8276991176644515e-07,6.20199e-08 -3.24849e-08 2.10399e-08 2.50169e-09,1.6404651859147634e-08,4.223966811878199e-07,6.69226e-08 2.27698e-08 -6.63142e-09 -1.74425e-08,1.4560935568397326e-08,6.837727539732441e-08,3.39119e-08 1.57267e-08 1.28143e-09 7.32375e-09,1.1873382277372002e-08,8.560160580373122e-08,-1.80764e-08 4.2602e-08 2.22711e-09 2.07408e-08,-1.2868927257159157e-08,1.0279970297233376e-07,5.15779e-10 -4.34284e-08 8.77713e-09 -1.73402e-08,1.0635364589006713e-08,7.778479016451456e-08,-9.18769e-09 3.35152e-08 3.99758e-09 1.42164e-08,-7.951172165121534e-09,6.520492945583101e-08,-2.47834e-09 -7.762e-09 -3.04846e-08 8.9203e-09,-5.253837542795736e-08,1.640833602323255e-08,-6.31098e-08 -7.1213e-08 -3.24944e-08 -4.33362e-08,-1.7597074020159198e-08,1.877906612435254e-07,-8.02122e-09 -2.37257e-08 -5.4869e-09 -3.31544e-08,2.677066775665556e-09,3.857412167462826e-08,2.5156828413012514e-08,,,,1.5190661883934808e-07,1.5190661883934808e-07,6.1183929443359375,0.02507924474775791,0.05066663771867752,,,0.009373552165925503,,,,,,,,,,,,,,,,1.5190661883934808e-07,2.203898930019932e-06,6.27763e-07 6.11618e-09 1.07531e-09 -2.73275e-08,0.009373552165925503,0.04273121803998947,,,,,,,,,,
single_32,32,1,10000,6.064566612243652,-1.2851470998498371e-09,1.302467325103862e-07,7.39859e-08 -3.25004e-08 -2.35776e-08 -2.30486e-08,-1.2851470998498371e-09,1.302467325103862e-07,7.39859e-08 -3.25004e-08 -2.35776e-08 -2.30486e-08,-6.476983838155093e-09,4.383686018627486e-07,1.10584e-07 -1.09994e-07 -1.02078e-08 -1.62903e-08,2.2608759309150628e-08,3.242447519369307e-07,1.17873e-07 -2.15071e-08 -1.21578e-08 6.2267e-09,6.436312816049394e-09,3.571279876268818e-07,7.82378e-08 -2.4288e-08 1.98766e-09 -3.01922e-08,-2.4295827572018425e-09,1.28825348610917e-07,1.82228e-10 9.13259e-09 -9.82919e-09 -9.20395e-09,6.330668878007373e-09,2.6972551836479397e-07,8.43421e-08 -4.44846e-08 -4.86235e-09 -9.67244e-09,2.2707659752541076e-08,1.4418927207771048e-07,2.98303e-08 8.54308e-08 -1.49848e-08 -9.44563e-09,-1.0219297408298189e-08,1.747579432276325e-07,2.74756e-08 -6.96762e-08 1.23887e-08 -1.10653e-08,1.7519578676683523e-08,1.4403501324977697e-07,2.66526e-08 5.24718e-08 2.53901e-09 -1.15851e-08,3.2876901201461806e-09,9.54458414526016e-08,-3.24672e-08 4.8624e-08 2.42056e-09 -5.42657e-09,-3.460135999944214e-08,3.6370771283600334e-08,-4.72393e-08 -8.09456e-08 -2.69547e-09 -7.52504e-09,-1.4632323797059144e-08,9.259699140784505e-08,-1.62152e-08 9.50172e-09 -5.28848e-08 1.06905e-09,-1.25252288540878e-08,7.604752028100847e-08,-4.26436e-09 -3.58035e-08 2.55658e-09 -1.25896e-08,-3.359328815122353e-08,2.8006828856064203e-08,-5.39952e-08 -6.33811e-08 -1.36242e-08 -3.37272e-09,-5.804551506116695e-08,6.102923322259812e-08,5.60927e-09 -1.55322e-07 -4.49532e-08 -3.75159e-08,-3.2301272767654154e-08,1.820047259570856e-07,-8.40409e-09 -2.51276e-08 -5.24486e-08 -4.32247e-08,-8.395612205447378e-09,2.2707659752541076e-08,7.110465105597541e-09,,,,8.769021064836124e-09,8.769021064836124e-09,6.064566612243652,0.025100113824009895,0.05206357687711716,,,0.0042408304288983345,,,,,,,,,,,,,,,,,,,,,8.769021064836124e-09,1.065488532958625e-07,1.59824e-08 1.09002e-08 -2.01369e-09 1.02072e-08,0.0042408304288983345,0.013703376986086369,,,,,
single_64,64,1,10000,6.150200843811035,-3.412077020925608e-08,9.187766636387096e-08,-7.27526e-08 -2.84175e-08 4.24814e-09 -3.95611e-08,-3.412077020925608e-08,9.187766636387096e-08,-7.27526e-08 -2.84175e-08 4.24814e-09 -3.95611e-08,-2.13180761932108e-08,4.826434860660811e-07,5.93753e-08 -1.11023e-07 -2.96343e-08 -3.9908e-09,2.514514463314299e-08,3.8763806742281304e-07,1.3897e-07 -1.22394e-08 -1.29672e-08 -1.31829e-08,2.148663469370149e-09,3.592037955968408e-07,5.51778e-08 -2.31133e-08 -9.72167e-09 -1.37482e-08,2.5231239320078203e-08,2.3922609670989914e-07,5.45394e-08 2.29214e-08 2.2976e-08 4.88242e-10,9.130203260099279e-09,2.167533494912277e-07,6.40333e-08 -2.78864e-08 2.29792e-08 -2.26053e-08,1.4361023481512802e-08,2.3737233334486518e-07,9.84482e-08 -3.27054e-08 -1.76306e-08 9.33187e-09,1.4143302085045661e-09,1.5934217856283794e-07,6.84004e-08 -4.63153e-08 -1.95246e-10 -1.62325e-08,1.6127415847222437e-08,2.3370908763808984e-07,5.65294e-08 3.87386e-08 -2.40974e-08 -6.66101e-09,2.7660565393716752e-08,1.1978430336512247e-07,6.57028e-08 5.70896e-08 -1.73365e-09 -1.04165e-08,-9.92719684234089e-10,1.2007508587430493e-07,2.61311e-08 -3.27747e-08 2.01137e-08 -1.74411e-08,5.243495415641064e-09,7.784984745740076e-08,9.72353e-09 2.02151e-08 -1.94273e-08 1.04626e-08,8.086708191967773e-09,1.1148065937049978e-07,5.24732e-08 4.85651e-09 6.16093e-10 -2.55989e-08,3.288603611650842e-09,1.5639783157439524e-07,1.62682e-09 4.40745e-08 -1.32878e-08 -1.92591e-08,-7.195338724841349e-08,2.9413154578605827e-08,-6.47268e-08 -1.31074e-07 -4.10186e-08 -5.09945e-08,5.337109865166667e-09,2.427768208690395e-07,-1.58122e-08 6.36129e-08 -3.78269e-09 -2.26696e-08,3.2606879714810095e-09,2.7660565393716752e-08,-3.738145818073709e-08,,,,-1.6345669706652188e-08,-1.6345669706652188e-08,6.150200843811035,0.023950915783643723,0.05186859518289566,,,0.004653243813663721,,,,,,,,,,,,,,,,,,,,,,,,,,-1.6345669706652188e-08,3.1114467446968774e-08,-4.80269e-08 -5.15165e-09 -5.43865e-09 -6.76552e-09,0.004653243813663721,0.013238773681223392
no_bos,none,1,10000,6.188045501708984,-6.043653133502858e-09,1.9771727011175244e-07,3.90523e-09 2.24544e-08 -1.0655e-08 -3.98792e-08,-6.043653133502858e-09,1.9771727011175244e-07,3.90523e-09 2.24544e-08 -1.0655e-08 -3.98792e-08,-1.279996819647522e-08,3.0200206424524367e-07,6.37548e-08 -6.981e-08 -9.50716e-09 -3.56375e-08,8.03198130228111e-09,3.75420739828769e-07,1.30368e-07 -8.11704e-08 -1.30316e-08 -4.03801e-09,7.460174700213429e-09,3.181691852205404e-07,4.62453e-08 2.50003e-08 -9.68304e-09 -3.17219e-08,4.963248922962293e-09,2.3789488068359788e-07,5.59988e-08 -8.01385e-09 -1.96365e-08 -8.49544e-09,8.211129554069885e-09,1.7377895744630223e-07,5.41347e-08 2.16944e-08 -2.39631e-08 -1.90215e-08,3.220630873101982e-08,1.879721054365291e-07,7.25344e-08 4.34453e-08 4.26297e-08 -2.97841e-08,5.875850028758123e-09,1.6531306812339608e-07,7.4081e-08 -7.26033e-08 5.81963e-09 1.62061e-08,3.1805992506406255e-08,1.8848778893243434e-07,4.25532e-08 7.31767e-08 1.17951e-08 -3.00953e-10,-7.296960369274075e-09,7.022281067747826e-08,6.00782e-09 -2.38488e-08 -4.80826e-09 -6.53859e-09,1.4558390049046466e-09,1.210570559351254e-07,3.85547e-08 1.3183e-08 -2.95054e-08 -1.64089e-08,-5.540923275759724e-09,7.710155358608972e-08,-6.71272e-08 5.24152e-08 5.68099e-09 -1.31327e-08,-1.1924143450414704e-08,6.018052545186947e-08,-4.1593e-08 -8.79088e-09 -1.27702e-08 1.54575e-08,-2.0262939770532284e-08,7.050005024211714e-08,-2.61448e-08 -4.64363e-08 -2.01297e-08 1.16591e-08,-2.4857131464273152e-08,1.0823968921158666e-07,-9.36779e-08 -9.45384e-09 -2.0723e-08 2.44263e-08,-1.5465902336586623e-08,2.1286406592935236e-07,-5.02339e-09 -7.7115e-10 -9.56657e-09 -4.65025e-08,1.241703924866518e-10,3.220630873101982e-08,-6.16782352598951e-09,,,,0.0,nan,6.188045501708984,0.02511236071586609,0.06086273491382599,,,0.0,,,,,,,,,,,,,,,,,,,,,,,,,,,,,,
"duplicate_0,8",0 8,1,10000,6.064993381500244,1.0818194340345144e-07,3.546417701727478e-06,4.61202e-07 1.21239e-08 9.32043e-08 -1.33803e-07,1.0818194340345144e-07,3.546417701727478e-06,4.61202e-07 1.21239e-08 9.32043e-08 -1.33803e-07,-8.131074480388634e-08,7.871826568361939e-08,-1.92686e-07 -4.59525e-08 -3.84225e-08 -4.81818e-08,-3.211436805372614e-08,4.14017229388719e-08,-2.30167e-08 -5.74652e-08 -2.42468e-08 -2.37288e-08,-2.472279270193667e-08,2.6773491867970733e-07,-1.83736e-08 -5.97327e-08 -1.78236e-08 -2.96124e-09,1.843780950139262e-08,2.444455446948268e-07,6.80185e-08 1.05353e-08 8.38394e-10 -5.64095e-09,1.606132826736939e-08,1.8241199484236859e-07,4.99363e-08 1.48486e-08 2.73298e-08 -2.78693e-08,-1.1378955555585435e-08,1.384998000730775e-07,2.20972e-08 -1.95288e-08 -4.18408e-08 -6.24335e-09,-1.944904326478536e-08,5.332680075298413e-08,-9.03832e-08 -2.13351e-08 2.82438e-08 5.67834e-09,-7.734359819266956e-10,1.088978820007469e-06,-5.02894e-09 -7.25963e-09 3.31713e-09 5.8777e-09,-7.269634227924371e-09,5.25869516820876e-08,-3.19616e-08 1.27194e-08 1.86962e-08 -2.85326e-08,-1.2443047481269787e-08,8.07331375085596e-08,-2.42838e-08 2.33429e-08 -4.19719e-08 -6.85932e-09,-4.78454120766969e-09,1.029050409329102e-07,4.6632e-09 3.34649e-08 -1.35364e-08 -4.37299e-08,-4.2132924704674224e-08,5.460849550331659e-08,-3.80826e-08 -7.22788e-08 -5.64735e-08 -1.6968e-09,5.314062967443078e-09,7.607244612017894e-08,1.70015e-08 -1.7905e-08 5.16421e-09 1.69955e-08,-8.753753277801479e-10,6.307503497282596e-08,2.03666e-08 -2.13043e-08 6.702e-09 -9.26583e-09,-3.95187740309666e-08,6.615939440735019e-08,-3.77012e-08 -4.41745e-08 -4.98092e-08 -2.63903e-08,-1.579736244039509e-08,1.843780950139262e-08,1.2397930584384654e-07,1.0818194340345144e-07,3.546417701727478e-06,4.61202e-07 1.21239e-08 9.32043e-08 -1.33803e-07,1.0740850742152475e-07,1.0818194340345144e-07,6.064993381500244,0.08109113574028015,0.20633678138256073,0.08109113574028015,0.20633678138256073,0.09358540363609791,,,,,,,,,,,-7.734359819266956e-10,1.088978820007469e-06,-5.02894e-09 -7.25963e-09 3.31713e-09 5.8777e-09,0.012494267895817757,0.05379215627908707,,,,,,,,,,,,,,,
"duplicate_0,32",0 32,1,10000,6.139980792999268,1.7788862294310093e-07,4.216130491840886e-06,8.15884e-07 1.13705e-07 1.09045e-07 -3.2708e-07,1.7788862294310093e-07,4.216130491840886e-06,8.15884e-07 1.13705e-07 1.09045e-07 -3.2708e-07,-7.057331430360136e-08,4.4423952516581267e-08,-1.39432e-07 -9.09878e-08 -2.37662e-08 -2.81075e-08,-2.0547835433148975e-08,1.5233399608405307e-07,-5.61165e-08 -2.95107e-08 -1.55657e-08 1.90015e-08,-2.7724064821654792e-08,1.2705332608220488e-07,-8.90883e-08 -1.08219e-08 -3.40725e-08 2.30864e-08,-5.308656625402364e-09,1.0537278427591446e-07,-5.04738e-08 3.55497e-08 -8.58913e-09 2.27854e-09,-1.4246987589672244e-08,6.218142800662463e-08,-2.52473e-08 -1.80629e-08 -4.60277e-09 -9.07498e-09,-2.2707284941247963e-08,5.2935316574576063e-08,-6.15374e-08 -1.01192e-08 -1.41792e-08 -4.99336e-09,7.206762298039848e-09,1.2339947375039628e-07,-3.25082e-08 3.60443e-08 2.92786e-08 -3.98758e-09,-1.4385401314598312e-08,1.259334538872281e-07,-3.86367e-08 4.73256e-09 -1.21474e-08 -1.149e-08,-3.8500269639030194e-10,1.3137581333921844e-07,-3.24292e-11 -4.08313e-09 -1.54688e-08 1.80444e-08,-1.8503452992035818e-08,1.5424144805820106e-07,-1.87944e-08 -1.7038e-08 -2.41601e-08 -1.40212e-08,-1.4538636960992335e-08,1.3178370750210888e-07,3.38682e-08 -6.48685e-08 -6.67355e-09 -2.04807e-08,1.0285304163915043e-08,7.47909325582441e-08,1.58276e-08 2.66807e-08 -3.94417e-09 2.57703e-09,-1.0860495613940202e-08,9.342097939679661e-08,-1.75735e-08 1.24907e-08 -3.67416e-08 -1.61759e-09,6.190235435354907e-09,2.029095753641741e-07,-1.87153e-08 3.3138e-08 -1.22352e-08 2.25735e-08,-5.4318579856271754e-08,1.2348861844202474e-07,-7.54564e-08 -9.70156e-08 -3.31679e-08 -1.16344e-08,-1.6694494083443107e-08,1.0285304163915043e-08,1.9458311702654404e-07,1.7788862294310093e-07,4.216130491840886e-06,8.15884e-07 1.13705e-07 1.09045e-07 -3.2708e-07,2.3615580246882928e-07,1.7788862294310093e-07,6.139980792999268,0.0917414128780365,0.20029836893081665,0.0917414128780365,0.20029836893081665,0.0996795454993844,,,,,,,,,,,,,,,,,,,,,5.826717952572835e-08,8.234255233219301e-07,2.40819e-07 5.12406e-09 -9.96753e-10 -1.18773e-08,0.007938132621347904,0.030763013288378716,,,,,
single_0,0,2,10000,6.182826995849609,2.6380811846138386e-07,6.4025357460195664e-06,1.28846e-06 -1.42313e-07 1.67906e-07 -2.58817e-07,2.6380811846138386e-07,6.4025357460195664e-06,1.28846e-06 -1.42313e-07 1.67906e-07 -2.58817e-07,-5.835480365590229e-08,8.05058419928173e-08,-2.09295e-07 2.25272e-08 -5.43811e-08 7.72941e-09,-2.0866208316761004e-08,6.631443483229305e-08,-5.3334e-08 1.03533e-09 -2.11789e-08 -9.98724e-09,7.389476142094509e-09,2.6643368755685515e-07,4.21059e-08 2.85186e-09 -3.81397e-08 2.27399e-08,-4.4873593729732875e-09,1.8232847764920734e-07,2.17263e-08 -1.79156e-08 -6.7326e-09 -1.50276e-08,2.9757771358163154e-08,1.4669251413579332e-07,2.02522e-08 9.26517e-08 -1.64466e-09 7.77186e-09,-1.5434258315849547e-08,1.699369818197738e-07,1.80647e-08 -4.90892e-08 -1.59509e-08 -1.47617e-08,1.497143387041433e-08,2.3708562935098598e-07,5.43529e-08 -1.27073e-10 -1.41954e-08 1.98553e-08,-3.480433363733937e-08,1.3234793527772126e-07,2.55012e-09 -9.3898e-08 -3.9974e-08 -7.89554e-09,3.580940699521307e-08,1.4114851865087985e-07,6.12851e-08 4.10081e-08 2.28944e-08 1.805e-08,9.373432696690998e-09,2.3937968762766104e-07,-2.7817e-08 6.36565e-08 3.23963e-08 -3.07421e-08,-2.2483238382164927e-08,1.2826799888898677e-07,-5.91755e-08 -1.63615e-08 -4.9925e-09 -9.40346e-09,-1.0174376896543436e-09,1.1189231940988975e-07,-6.40088e-08 5.52434e-08 -2.41652e-09 7.1121e-09,-7.424495240826445e-09,9.045849225230995e-08,1.5636e-08 -2.88474e-08 -5.92114e-09 -1.05655e-08,-1.6311020090142847e-08,8.567976550466483e-08,-4.89851e-08 6.7746e-09 -1.79599e-08 -5.07372e-09,-3.8956653014565745e-08,6.167812216517632e-08,-7.86136e-09 -9.39193e-08 -4.28549e-08 -1.1191e-08,-8.18921911024025e-09,3.580940699521307e-08,2.7199733757162413e-07,2.6380811846138386e-07,6.4025357460195664e-06,1.28846e-06 -1.42313e-07 1.67906e-07 -2.58817e-07,2.6380811846138386e-07,2.6380811846138386e-07,6.182826995849609,0.07953815162181854,0.24873487651348114,0.07953815162181854,0.24873487651348114,0.07953815162181854,,,,,,,,,,,,,,,,,,,,,,,,,,,,,,
single_2,2,2,10000,6.158051490783691,5.731522634278008e-08,7.48408751860552e-07,1.85397e-07 6.49519e-08 1.87708e-09 -2.29654e-08,5.731522634278008e-08,7.48408751860552e-07,1.85397e-07 6.49519e-08 1.87708e-09 -2.29654e-08,4.996975278004356e-09,4.643654278879694e-07,1.28186e-07 -7.30889e-08 1.45336e-08 -4.96424e-08,-1.9205086232432222e-07,2.38616598835506e-06,-7.30291e-07 -2.54984e-08 -3.58832e-09 -8.82554e-09,8.224696479430804e-10,1.4202201725765917e-07,4.13081e-08 6.10659e-09 -1.80756e-08 -2.60492e-08,-2.8417961317472873e-09,2.92271835178326e-07,2.47354e-08 7.74957e-09 -2.47003e-08 -1.91519e-08,7.2751356050559934e-09,1.7657325201980711e-07,-1.96511e-08 5.30582e-08 -1.15012e-09 -3.15647e-09,-1.0096690594707525e-08,1.5922553586733557e-07,-3.13487e-08 4.65119e-09 -1.80438e-08 4.35457e-09,-1.8382846356246318e-09,3.3556824519109796e-07,6.32977e-08 -9.49405e-08 3.98476e-09 2.03049e-08,1.1433867186383395e-09,2.1525295323954197e-07,1.34543e-08 -1.62217e-08 3.38026e-08 -2.64616e-08,6.766868843044449e-09,2.4600134906904714e-07,3.45268e-08 2.91638e-08 -2.97452e-08 -6.87786e-09,-2.724579317714415e-08,3.350765780396614e-07,1.10497e-08 -8.18394e-08 -2.04191e-08 -1.77743e-08,1.3842909929451253e-08,1.9070675705279427e-07,2.98669e-08 2.22468e-08 -8.65266e-09 1.19106e-08,-5.009096692987214e-09,1.888127769689163e-07,1.84534e-09 -2.26598e-08 -2.55269e-09 3.33081e-09,2.1330700761268417e-08,1.6807521774353518e-07,3.55389e-08 4.51679e-08 6.96523e-09 -2.34918e-09,1.0058274213520235e-09,2.225599473604234e-07,1.16305e-08 -2.79705e-09 -1.09144e-08 6.10435e-09,-3.8990595641053005e-08,7.692377579360254e-08,-3.9782e-08 -3.62896e-08 -2.28413e-08 -5.70495e-08,-1.4725922999521876e-08,2.1330700761268417e-08,7.204114934230195e-08,,,,-1.9205086232432222e-07,-1.9205086232432222e-07,6.158051490783691,0.022440550848841667,0.03465735912322998,,,0.022560711950063705,-1.9205086232432222e-07,2.38616598835506e-06,-7.30291e-07 -2.54984e-08 -3.58832e-09 -8.82554e-09,0.022560711950063705,0.1062534973025322,,,,,,,,,,,,,,,,,,,,,,,,,
single_4,4,2,10000,6.108387470245361,5.388183765830945e-08,6.298203629739874e-07,1.49467e-07 8.32306e-08 1.04885e-08 -2.76586e-08,5.388183765830945e-08,6.298203629739874e-07,1.49467e-07 8.32306e-08 1.04885e-08 -2.76586e-08,1.1924533360740952e-08,5.511672043212457e-07,1.55998e-07 -3.53918e-08 -4.06738e-08 -3.22346e-08,2.9572319704129768e-08,5.305652734932664e-07,1.70588e-07 -2.98072e-08 -1.7439e-08 -5.05282e-09,1.007786565310198e-08,2.716672042879509e-07,3.7738e-08 1.44056e-08 -2.38718e-08 1.20396e-08,-1.5617621329511167e-07,2.484562628524145e-06,-6.42002e-07 4.49988e-08 -1.2379e-08 -1.53232e-08,3.0333637823787285e-08,3.0078746249273536e-07,9.15435e-08 1.84182e-08 1.47877e-08 -3.41494e-09,1.4413911841870686e-08,2.575135908955417e-07,8.32979e-08 -6.07736e-08 3.2871e-08 2.2603e-09,8.164566800417106e-09,3.6808884829042654e-07,1.0138e-07 -3.35978e-08 -3.48895e-08 -2.34721e-10,6.222542925371499e-09,3.325918669361272e-07,8.40874e-08 -5.62203e-08 7.05198e-10 -3.68217e-09,6.2174714265950115e-09,1.5919610518722038e-07,2.403e-08 -1.06489e-08 2.26453e-08 -1.11566e-08,2.4834607259549557e-08,2.1083154422285588e-07,7.7594e-08 1.11035e-08 -5.60525e-09 1.62463e-08,1.067888266703676e-08,1.3931838793723728e-07,6.92811e-09 2.44289e-08 1.40332e-09 9.95523e-09,-4.1622065793944785e-09,1.599982795141841e-07,2.64854e-08 -9.20754e-09 -1.33444e-08 -2.05824e-08,1.062633714354888e-08,2.4359712824661983e-07,2.30658e-08 3.06284e-08 -2.30148e-08 1.1826e-08,5.5761697481671035e-09,2.6857324542106653e-07,1.17286e-08 1.77397e-08 -1.96401e-08 1.24764e-08,-5.09304598494964e-08,2.4624188199595665e-07,2.45048e-08 -1.1255e-07 -4.51571e-08 -7.05195e-08,-2.8417355579790636e-09,3.0333637823787285e-08,5.672357321628851e-08,,,,-1.5617621329511167e-07,-1.5617621329511167e-07,6.108387470245361,0.024382535368204117,0.03570961207151413,,,0.019359292462468147,,,,,,-1.5617621329511167e-07,2.484562628524145e-06,-6.42002e-07 4.49988e-08 -1.2379e-08 -1.53232e-08,0.019359292462468147,0.1177753284573555,,,,,,,,,,,,,,,,,,,,
single_8,8,2,10000,6.16224479675293,-4.795203123464375e-10,3.309602050194371e-07,1.84425e-08 2.31868e-08 -3.96219e-08 -3.9256e-09,-4.795203123464375e-10,3.309602050194371e-07,1.84425e-08 2.31868e-08 -3.96219e-08 -3.9256e-09,-2.3024142592475982e-09,2.5811684167820204e-07,1.43179e-07 -1.10041e-07 -3.48081e-08 -7.53955e-09,2.6892116977705882e-08,3.152559884256334e-07,1.17757e-07 1.55558e-08 -2.73353e-08 1.59141e-09,1.9345099744327854e-08,3.8278469105534896e-07,4.46573e-08 4.16484e-08 -2.70503e-09 -6.22022e-09,4.656188323792776e-08,2.7582385087043804e-07,1.48839e-07 2.61251e-08 1.38031e-08 -2.5198e-09,9.37283584079296e-10,1.923887680277403e-07,5.06292e-08 -4.83427e-08 2.46832e-08 -2.32206e-08,2.235051077548178e-08,2.98316081170924e-07,6.91347e-08 3.98476e-08 -6.3642e-09 -1.32161e-08,9.752404217522326e-09,4.902174737253517e-07,1.46671e-07 -8.1621e-08 1.96111e-08 -4.56519e-08,2.754205468136206e-07,5.800834969704738e-06,1.07856e-06 3.28832e-08 -3.19333e-09 -6.57134e-09,2.231768903016018e-08,1.6236812427905534e-07,5.28471e-08 4.33422e-08 -2.26999e-09 -4.64853e-09,1.209472433316705e-08,2.4535381726309424e-07,4.57627e-08 -1.64932e-08 4.60847e-08 -2.69754e-08,2.4955808086701836e-08,1.2229972412569623e-07,3.20953e-08 5.20774e-08 1.90127e-08 -3.36215e-09,1.9247230476082677e-09,1.8061572859551234e-07,8.01501e-09 5.84253e-08 -1.78221e-10 -5.85632e-08,4.0665071310286294e-10,1.4271275006194628e-07,-6.45912e-10 4.76074e-09 1.21599e-08 -1.46481e-08,-3.064532805296949e-08,8.403480222796134e-08,-1.21168e-07 1.47844e-08 -5.6652e-09 -1.05326e-08,-5.114783974136117e-08,1.8309884808331844e-07,-2.39173e-08 -1.14668e-07 -6.63938e-08 3.87566e-10,2.5257590567188497e-08,2.754205468136206e-07,-2.5737110879534934e-08,,,,2.754205468136206e-07,2.754205468136206e-07,6.16224479675293,0.024695154279470444,0.042632464319467545,,,0.012975831516087055,,,,,,,,,,,2.754205468136206e-07,5.800834969704738e-06,1.07856e-06 3.28832e-08 -3.19333e-09 -6.57134e-09,0.012975831516087055,0.05318683385848999,,,,,,,,,,,,,,,
single_16,16,2,10000,6.119693279266357,-4.9362278708997565e-09,2.383582824450059e-07,-5.17416e-09 6.12582e-08 -3.66266e-08 -3.92024e-08,-4.9362278708997565e-09,2.383582824450059e-07,-5.17416e-09 6.12582e-08 -3.66266e-08 -3.92024e-08,1.6381626721795328e-08,3.353299007358146e-07,1.3484e-07 -5.72493e-08 -8.44342e-09 -3.62105e-09,2.533867515808197e-08,2.5845153572845447e-07,1.06705e-07 2.68156e-08 -1.43743e-08 -1.7792e-08,2.041518953888044e-09,2.33264188409521e-07,5.26732e-08 -1.07614e-09 -1.21964e-08 -3.12345e-08,1.5537064967929837e-08,1.9585849031500402e-07,3.2707e-09 4.03799e-08 1.03096e-08 8.18807e-09,-1.7750672043348459e-09,9.356928387660446e-08,1.00108e-08 -4.73372e-10 1.65593e-08 -3.3197e-08,-3.8991423423340166e-09,1.0847685416592867e-07,-1.11527e-09 -3.4503e-08 1.59167e-08 4.10505e-09,-8.674833296140605e-09,9.57072572305151e-08,4.60172e-08 -7.59438e-08 -5.8206e-09 1.04792e-09,8.36865332587422e-09,1.0016178464411496e-07,4.67266e-08 3.94359e-08 -5.11217e-08 -1.56619e-09,1.5193590385820244e-08,1.29359605693935e-07,6.45437e-08 1.22764e-08 4.72589e-09 -2.07717e-08,-8.370302673199603e-09,5.545656023286938e-08,4.38209e-10 -4.65187e-10 -1.15821e-08 -2.18721e-08,-1.1640581831784402e-08,8.188819577981121e-08,-1.55541e-08 -1.83293e-08 3.04434e-09 -1.57233e-08,-6.399760721365055e-10,1.1715177805626809e-07,-1.15274e-08 2.86656e-08 -1.10556e-08 -8.64254e-09,-2.2465327376153255e-09,8.01598289967842e-08,-2.21302e-08 7.46349e-09 -7.16637e-09 1.2847e-08,-4.280120791122499e-08,9.491422048313325e-08,-3.71126e-08 -5.24394e-08 -4.45349e-08 -3.71179e-08,-3.6546499160294843e-10,2.35328968756221e-07,6.89994e-08 -1.71585e-09 -3.77657e-08 -3.09797e-08,1.6320136353442649e-10,2.533867515808197e-08,-5.099429234434183e-09,,,,-9.873871675836199e-08,-9.873871675836199e-08,6.119693279266357,0.023657865822315216,0.04274429753422737,,,0.012021718546748161,,,,,,,,,,,,,,,,-9.873871675836199e-08,2.2586988279726938e-07,-4.17228e-07 4.86014e-08 -1.69627e-08 -9.36557e-09,0.012021718546748161,0.05708521977066994,,,,,,,,,,
single_32,32,2,10000,6.16438627243042,1.0413809370390936e-08,5.081781750959635e-07,1.97054e-08 5.25203e-08 -9.02487e-09 -2.15456e-08,1.0413809370390936e-08,5.081781750959635e-07,1.97054e-08 5.25203e-08 -9.02487e-09 -2.15456e-08,3.9749683544698655e-09,2.9995484851497167e-07,6.39459e-08 -3.66834e-08 -3.90682e-09 -7.45585e-09,2.1216699508386228e-08,1.9192917477539595e-07,8.84695e-08 6.22875e-09 -1.76573e-08 7.82587e-09,5.8427525040372075e-09,1.1379231779073962e-07,4.66787e-08 -4.51568e-09 -5.12027e-10 -1.828e-08,1.6921637424616165e-08,1.206813635690196e-07,5.61423e-08 2.43686e-08 -4.4745e-09 -8.34986e-09,-4.779918683084361e-09,1.7397839258137537e-07,2.80962e-08 -2.00102e-08 1.29821e-09 -2.85039e-08,2.4766041661905547e-08,1.1503318120276163e-07,5.75574e-08 -9.84043e-09 2.72872e-08 2.40601e-08,-6.481900349797343e-09,1.5440382128417696e-07,1.17483e-08 -2.34301e-08 -1.19786e-08 -2.26729e-09,-2.648673280702951e-08,1.7787225203846901e-07,-5.44409e-08 -1.84439e-08 -1.03345e-08 -2.27277e-08,-8.237951654166409e-09,6.986559242250223e-08,-1.39587e-08 -5.17122e-09 -8.4009e-09 -5.42104e-09,-1.5635883698905673e-08,3.62764431827145e-08,8.08068e-09 -3.24658e-08 -3.4878e-08 -3.28039e-09,-1.8230915443950835e-08,7.47625605868052e-08,-1.88946e-08 -5.65292e-08 4.83653e-09 -2.33635e-09,-2.430709855616442e-09,8.317687161252252e-08,-3.89846e-09 1.63006e-08 -9.37947e-09 -1.27455e-08,3.452769181677695e-09,1.192855307863283e-07,-5.36778e-10 -1.00297e-08 1.55373e-09 2.28239e-08,-6.123821094661253e-08,2.3394337134163834e-08,-9.90212e-08 -9.10298e-08 -3.30208e-08 -2.1881e-08,-4.1422083540965104e-08,8.966095066398339e-08,-4.7305e-08 -2.43796e-08 -4.27638e-08 -5.12399e-08,-7.251295889669033e-09,2.4766041661905547e-08,1.766510526005997e-08,,,,4.975973766363495e-08,4.975973766363495e-08,6.16438627243042,0.02413215860724449,0.04374127835035324,,,0.00674646208062768,,,,,,,,,,,,,,,,,,,,,4.975973766363495e-08,8.126674515551713e-07,2.01319e-07 -2.85979e-09 -9.87254e-11 6.7825e-10,0.00674646208062768,0.04462583735585213,,,,,
single_64,64,2,10000,6.124985218048096,2.9610571772309413e-08,1.4908358707543812e-06,1.68233e-07 -4.63212e-08 4.14418e-08 -4.49113e-08,2.9610571772309413e-08,1.4908358707543812e-06,1.68233e-07 -4.63212e-08 4.14418e-08 -4.49113e-08,2.036226476320735e-08,6.760892006241193e-07,1.75136e-07 -3.53407e-08 -4.22936e-08 -1.60525e-08,3.3943452493190307e-09,2.0370028153138264e-07,9.60522e-08 -4.54333e-08 -5.22909e-09 -3.18124e-08,1.2161772033891793e-08,4.4160725565234316e-07,7.96755e-08 6.04908e-09 -3.57603e-09 -3.35015e-08,1.6627060617224743e-08,1.3986417002342932e-07,3.45544e-08 4.47449e-08 4.22272e-09 -1.70137e-08,1.5463234248613844e-08,2.636556075685803e-07,9.73401e-08 -2.50907e-08 7.0646e-09 -1.7461e-08,2.000951226932557e-08,2.164925376746396e-07,3.81245e-08 2.11997e-08 2.97604e-08 -9.04652e-09,2.1415691442427942e-10,4.0498704834135424e-07,1.02555e-07 -7.13393e-08 -3.66116e-08 6.25276e-09,8.133504536544933e-09,1.293629736665025e-07,2.18706e-08 3.77123e-08 -2.54273e-08 -1.62155e-09,-2.8659197237601575e-09,4.946790355120356e-08,2.25929e-08 -5.15718e-09 -9.76152e-09 -1.91378e-08,-4.3201104915624455e-09,9.783166632360007e-08,-1.68115e-08 8.731e-09 -3.89823e-10 -8.81012e-09,-3.138569848459838e-09,1.1537405697481518e-07,1.19826e-09 -6.45794e-09 -2.53135e-08 1.80189e-08,6.968100763060647e-09,1.646197347326961e-07,6.80588e-08 -1.65036e-08 5.61213e-09 -2.92949e-08,2.2725883397356483e-09,2.3419153194481623e-07,-1.88732e-09 7.11925e-09 -2.29034e-09 6.14877e-09,-3.5175997226133404e-08,3.006300630659098e-07,-3.37901e-08 -6.43375e-08 -2.77563e-08 -1.48201e-08,-4.3806064553564283e-08,1.3905457763030427e-07,-5.51228e-08 -8.26472e-09 -6.38675e-08 -4.79693e-08,1.086658526124514e-09,2.036226476320735e-08,2.8523913246184898e-08,,,,-1.4175259188675682e-08,-1.4175259188675682e-08,6.124985218048096,0.025436973199248314,0.051960404962301254,,,0.004089723341166973,,,,,,,,,,,,,,,,,,,,,,,,,,-1.4175259188675682e-08,1.5981871825943017e-08,-4.21918e-08 -5.36349e-09 -6.54369e-09 -2.60206e-09,0.004089723341166973,0.010451847687363625
no_bos,none,2,10000,6.2085747718811035,-8.146356833549362e-08,1.436579566416185e-07,-3.21066e-07 3.46814e-08 -1.01084e-08 -2.93618e-08,-8.146356833549362e-08,1.436579566416185e-07,-3.21066e-07 3.46814e-08 -1.01084e-08 -2.93618e-08,-4.608749293311121e-08,3.8540136415576853e-08,-1.34691e-07 -4.18506e-08 1.64542e-08 -2.42624e-08,-1.487446432690831e-08,1.0580983200725314e-07,1.35877e-08 -6.01437e-08 -1.54284e-08 2.48653e-09,9.754690388774634e-09,1.1670734778590486e-07,3.08634e-08 3.39492e-08 -7.77042e-09 -1.80234e-08,1.6218757892261237e-08,2.626038622111082e-07,6.36359e-08 2.18877e-08 -1.51093e-08 -5.53926e-09,-6.629074622566122e-09,9.748233509299098e-08,2.74561e-08 -4.2757e-08 1.40148e-08 -2.52302e-08,-8.681093621731861e-10,9.979784465485864e-08,4.95735e-08 -3.87504e-08 -8.14548e-09 -6.15006e-09,3.3745874983281965e-09,2.2675007471661957e-07,4.65732e-08 -1.66953e-08 3.47587e-09 -1.98554e-08,2.2674461419569525e-08,1.5354952154211787e-07,-3.54042e-09 8.5235e-08 3.06984e-08 -2.16952e-08,-1.273119654143784e-08,1.2037028795930382e-07,-6.09011e-08 3.15054e-08 -1.37136e-08 -7.81552e-09,2.2502755214759418e-10,9.934306888226274e-08,4.98174e-08 -1.99926e-08 -2.23321e-08 -6.59254e-09,-2.4553394872839363e-09,8.498490444708295e-08,1.18832e-09 1.62632e-08 -1.27326e-08 -1.45402e-08,-8.843664467406143e-09,7.186087458421753e-08,1.35513e-08 -2.9807e-08 -2.30442e-08 3.92524e-09,3.6820515525448627e-09,1.1051187698285503e-07,-2.51128e-08 5.8184e-08 -1.60797e-08 -2.26322e-09,-8.690145492096235e-09,1.3807976984026027e-07,2.5979e-08 -4.5368e-08 -1.76366e-08 2.265e-09,-2.199473492225934e-09,1.5649770546133368e-07,2.8291e-08 -5.6876e-09 -1.34079e-08 -1.79934e-08,-3.163292294772191e-09,2.2674461419569525e-08,-7.830027604072143e-08,,,,0.0,nan,6.2085747718811035,0.02455856092274189,0.060673266649246216,,,0.0,,,,,,,,,,,,,,,,,,,,,,,,,,,,,,
"duplicate_0,8",0 8,2,10000,6.129671573638916,1.0277913276013351e-07,2.0297882201703032e-06,3.77224e-07 9.71123e-08 1.43063e-07 -2.06283e-07,1.0277913276013351e-07,2.0297882201703032e-06,3.77224e-07 9.71123e-08 1.43063e-07 -2.06283e-07,-7.237017740635565e-08,4.291886313012583e-08,-2.35439e-07 -3.06139e-09 -3.39996e-08 -1.69811e-08,-1.831987006539748e-08,9.512996257399209e-08,-4.8734e-09 -5.77197e-08 -3.31139e-08 2.24275e-08,-1.4664863989821697e-08,8.737553969240253e-08,-6.66835e-08 2.22047e-08 -1.0192e-08 -3.98859e-09,-1.336262744899841e-08,1.2350199085631175e-07,-7.30443e-08 2.02725e-08 -5.83374e-09 5.15508e-09,-2.2122259579759884e-09,1.058766372352693e-07,6.89657e-09 -1.06671e-08 -6.3475e-09 1.26909e-09,-2.3267206827881637e-08,4.127035779788457e-08,6.32359e-09 -5.86084e-08 -3.07319e-08 -1.00521e-08,1.65572267007974e-09,7.085041175969309e-08,-2.48443e-08 1.90161e-08 3.89542e-09 8.55569e-09,2.070148497068658e-08,1.8117439140041824e-06,8.50703e-08 -1.05022e-08 3.5009e-09 4.73702e-09,8.370319548589578e-09,1.7068464330805e-07,2.19362e-08 6.82717e-09 -1.6585e-08 2.13028e-08,1.4772394862916371e-08,1.5199931624465535e-07,1.14789e-08 4.2254e-08 -4.50373e-08 5.03939e-08,-9.275401779973436e-09,1.4785619839585706e-07,-3.85525e-08 1.71616e-08 -8.13129e-09 -7.57936e-09,-1.1937772548265002e-08,7.72450263752944e-08,2.41358e-08 -3.6521e-08 -2.92388e-08 -6.12703e-09,-5.265496039186246e-09,6.416492936978102e-08,-3.93425e-08 1.84593e-08 5.8012e-09 -5.98004e-09,-6.500111116025664e-09,8.479619140189243e-08,2.17827e-08 -2.44407e-08 -1.66637e-08 -6.67881e-09,-1.4209524223929293e-08,6.378843409038382e-08,-4.20177e-08 9.45292e-10 -1.9076e-08 3.31041e-09,-9.725690356769216e-09,2.070148497068658e-08,1.1250482311690273e-07,1.0277913276013351e-07,2.0297882201703032e-06,3.77224e-07 9.71123e-08 1.43063e-07 -2.06283e-07,1.2348061773082009e-07,1.0277913276013351e-07,6.129671573638916,0.07336463779211044,0.19345517456531525,0.07336463779211044,0.19345517456531525,0.08436500933021307,,,,,,,,,,,2.070148497068658e-08,1.8117439140041824e-06,8.50703e-08 -1.05022e-08 3.5009e-09 4.73702e-09,0.011000371538102627,0.052544236183166504,,,,,,,,,,,,,,,
"duplicate_0,32",0 32,2,10000,6.159421443939209,3.4892843814304797e-07,4.383889518067008e-06,1.42061e-06 3.66261e-08 1.00949e-07 -1.62467e-07,3.4892843814304797e-07,4.383889518067008e-06,1.42061e-06 3.66261e-08 1.00949e-07 -1.62467e-07,-8.985023924878988e-08,2.6190214441612625e-08,-1.49045e-07 -1.29432e-07 -5.21278e-08 -2.87966e-08,-1.8404445967235006e-08,8.390951933279212e-08,-4.2509e-08 -8.89428e-09 -2.06963e-08 -1.51817e-09,1.377894065512919e-08,1.9911207971290423e-07,1.49946e-08 5.27587e-08 -1.5503e-09 -1.10872e-08,-1.110802116954801e-09,2.3110277425075765e-07,-2.27322e-08 4.43764e-08 -2.38194e-08 -2.26801e-09,-8.393626238500929e-09,6.484800962880399e-08,2.64041e-08 -4.64053e-08 -6.20674e-09 -7.36664e-09,-2.8776723226542344e-09,2.086070196583023e-07,4.50594e-08 -4.11567e-08 -2.46243e-09 -1.2951e-08,7.723008010884769e-09,2.0561232361160364e-07,4.23997e-08 -1.32706e-08 7.96588e-09 -6.20288e-09,2.8679755459393164e-08,2.6973364697369107e-07,6.79231e-08 2.75135e-08 6.77515e-09 1.25073e-08,1.5302605405054237e-08,2.4707955503799894e-07,6.29548e-08 4.56143e-08 -4.44211e-08 -2.93758e-09,-4.018868349220384e-09,1.5721801105428312e-07,4.9015e-09 3.51879e-08 -9.03288e-09 -4.7132e-08,-1.980505537346744e-08,6.044683686923236e-08,1.17854e-08 -6.41797e-08 -1.52284e-09 -2.5303e-08,7.391702361303487e-09,9.579940041248847e-08,2.26948e-08 1.70612e-08 -8.76931e-09 -1.41994e-09,-1.1231342966766533e-08,1.1202399718968081e-07,-3.77619e-08 3.08096e-08 -4.07061e-08 2.733e-09,-2.9505358156711736e-08,1.1743860994783972e-07,-8.63717e-08 -2.76268e-08 -1.86888e-09 -2.15398e-09,-6.087057613513025e-08,1.0537850414493732e-07,-3.19858e-08 -1.16824e-07 -7.40822e-08 -2.059e-08,-1.1546131665577756e-08,2.8679755459393164e-08,3.604745698086257e-07,3.4892843814304797e-07,4.383889518067008e-06,1.42061e-06 3.66261e-08 1.00949e-07 -1.62467e-07,3.859208526080238e-07,3.4892843814304797e-07,6.159421443939209,0.081687793135643,0.18899250030517578,0.081687793135643,0.18899250030517578,0.08928951155394316,,,,,,,,,,,,,,,,,,,,,3.699241446497581e-08,9.124693747253332e-07,1.11215e-07 2.0606e-08 2.28821e-08 -6.733e-09,0.007601718418300152,0.024644119665026665,,,,,
