model_key,condition,candidate_group,example_idx,mode,scale,clean_nll,intervened_nll,delta_nll,output_kl,bos_attention,dummy_attention,dummy_minus_bos,tokens
mistral_7b_v0_1,dummy_only,selected,0,blank_dummy,0.0,1.3307267801502933,1.314401695572153,-0.016325084578140414,0.014900323003530502,0.47953569889068604,0.002304347697645426,-0.47723135352134705,1023
mistral_7b_v0_1,dummy_only,selected,1,blank_dummy,0.0,1.5168535786290323,1.5083930201078324,-0.008460558521199868,0.011084464378654957,0.473283976316452,0.0021052989177405834,-0.47117868065834045,1023
mistral_7b_v0_1,dummy_only,selected,2,blank_dummy,0.0,1.3922991412359482,1.388192662512219,-0.004106478723729268,0.010386227630078793,0.4599420130252838,0.002079823287203908,-0.4578621983528137,1023
mistral_7b_v0_1,dummy_only,selected,3,blank_dummy,0.0,1.4238503196022727,1.4121756008293622,-0.011674718772910486,0.011652751825749874,0.4834858179092407,0.0021044753957539797,-0.481381356716156,1023
mistral_7b_v0_1,dummy_only,selected,4,blank_dummy,0.0,1.2752956416483383,1.2824277458302786,0.007132104181940324,0.01426851749420166,0.4525652229785919,0.002120808232575655,-0.45044440031051636,1023
mistral_7b_v0_1,dummy_only,selected,5,blank_dummy,0.0,1.6004866584188662,1.5903525552908113,-0.01013410312805485,0.01004788652062416,0.4651446044445038,0.0021087664645165205,-0.46303585171699524,1023
mistral_7b_v0_1,dummy_only,selected,6,blank_dummy,0.0,1.709173148445137,1.7024364900262707,-0.0067366584188661705,0.014113377779722214,0.45106902718544006,0.001982802525162697,-0.4490862190723419,1023
mistral_7b_v0_1,dummy_only,selected,7,blank_dummy,0.0,1.4225533672791422,1.4158306699810606,-0.006722697298081615,0.011687097139656544,0.490333616733551,0.002044805558398366,-0.4882888197898865,1023
mistral_7b_v0_1,dummy_only,selected,8,blank_dummy,0.0,1.6034390178244136,1.589812247983871,-0.013626769840542563,0.00909067690372467,0.48435986042022705,0.0019731298089027405,-0.4823867380619049,1023
mistral_7b_v0_1,dummy_only,selected,9,blank_dummy,0.0,1.6139312177342986,1.6160764573023583,0.002145239568059676,0.01181215513497591,0.4715278148651123,0.002055971883237362,-0.46947184205055237,1023
mistral_7b_v0_1,dummy_only,selected,10,blank_dummy,0.0,1.7376791319189884,1.7358980747495112,-0.0017810571694771848,0.010348008945584297,0.47452446818351746,0.0020258913282305002,-0.4724985659122467,1023
mistral_7b_v0_1,dummy_only,selected,11,blank_dummy,0.0,2.088012337335044,2.0827791842314274,-0.005233153103616495,0.008758755400776863,0.4344099760055542,0.002066005952656269,-0.4323439598083496,1023
mistral_7b_v0_1,dummy_only,selected,12,blank_dummy,0.0,1.8277651133308896,1.8184939745234605,-0.009271138807429136,0.011827564798295498,0.5046287178993225,0.0022030205000191927,-0.5024256706237793,1023
mistral_7b_v0_1,dummy_only,selected,13,blank_dummy,0.0,2.1792175949260755,2.1769847702071115,-0.0022328247189640216,0.009361930191516876,0.47532469034194946,0.0020186256151646376,-0.4733060598373413,1023
mistral_7b_v0_1,dummy_only,selected,14,blank_dummy,0.0,2.0743574066012953,2.06426554481305,-0.010091861788245282,0.01046060211956501,0.4542863965034485,0.0021961177699267864,-0.4520902931690216,1023
mistral_7b_v0_1,dummy_only,selected,15,blank_dummy,0.0,2.078677717192082,2.0645526427327714,-0.01412507445931066,0.009813172742724419,0.45656126737594604,0.001966908574104309,-0.45459437370300293,1023
mistral_7b_v0_1,dummy_only,selected,16,blank_dummy,0.0,2.0393445862353374,2.0317898300036656,-0.007554756231671789,0.010215415619313717,0.4699353873729706,0.002033352619037032,-0.4679020345211029,1023
mistral_7b_v0_1,dummy_only,selected,17,blank_dummy,0.0,1.91794810663337,1.9094374312683284,-0.008510675365041465,0.010389125905930996,0.4260734021663666,0.002192022278904915,-0.4238813817501068,1023
mistral_7b_v0_1,dummy_only,selected,18,blank_dummy,0.0,1.8863266453598484,1.8753870929557674,-0.010939552404080954,0.011898051016032696,0.4534543752670288,0.002172265201807022,-0.4512821137905121,1023
mistral_7b_v0_1,dummy_only,selected,19,blank_dummy,0.0,1.9379689504673754,1.9292041111085656,-0.008764839358809784,0.013309930451214314,0.47776782512664795,0.002031908603385091,-0.4757359027862549,1023
mistral_7b_v0_1,dummy_only,selected,20,blank_dummy,0.0,2.073961483534946,2.0617950230632944,-0.012166460471651597,0.012855688109993935,0.48678654432296753,0.002186764730140567,-0.484599769115448,1023
mistral_7b_v0_1,dummy_only,selected,21,blank_dummy,0.0,1.3767259286412512,1.3660030719238758,-0.010722856717375384,0.013015037402510643,0.4579915404319763,0.0020995913073420525,-0.4558919370174408,1023
mistral_7b_v0_1,dummy_only,selected,22,blank_dummy,0.0,1.6520424523078567,1.6224901007300832,-0.029552351577773583,0.019230768084526062,0.4769623279571533,0.002031262731179595,-0.4749310612678528,1023
mistral_7b_v0_1,dummy_only,selected,23,blank_dummy,0.0,1.134136777935606,1.1206169240285924,-0.013519853907013601,0.010632026009261608,0.4581906795501709,0.0020787715911865234,-0.4561119079589844,1023
mistral_7b_v0_1,dummy_only,selected,24,blank_dummy,0.0,1.5055309903470186,1.4861369650384897,-0.01939402530852896,0.017163274809718132,0.4530135691165924,0.002107032109051943,-0.45090654492378235,1023
mistral_7b_v0_1,dummy_only,selected,25,blank_dummy,0.0,1.6836552027966154,1.670513015105694,-0.013142187690921459,0.012866877019405365,0.47293704748153687,0.002117803553119302,-0.47081923484802246,1023
mistral_7b_v0_1,dummy_only,selected,26,blank_dummy,0.0,1.8440038060163124,1.8389457038886852,-0.005058102127627251,0.01128170732408762,0.49376797676086426,0.0021056903060525656,-0.49166229367256165,1023
mistral_7b_v0_1,dummy_only,selected,27,blank_dummy,0.0,1.81068958867913,1.7973787936064272,-0.013310795072702941,0.011658317409455776,0.43929392099380493,0.002029131166636944,-0.4372648000717163,1023
mistral_7b_v0_1,dummy_only,selected,28,blank_dummy,0.0,1.8268424861009287,1.811268080248045,-0.015574405852883721,0.011809057556092739,0.46015989780426025,0.002126702107489109,-0.4580332040786743,1023
mistral_7b_v0_1,dummy_only,selected,29,blank_dummy,0.0,1.9317128171202957,1.9265719028745112,-0.005140914245784556,0.009290440008044243,0.4648955464363098,0.0020360087510198355,-0.46285954117774963,1023
mistral_7b_v0_1,dummy_only,selected,30,blank_dummy,0.0,1.8848595344192938,1.8774056085043989,-0.00745392591489491,0.011991225183010101,0.45445698499679565,0.002112231682986021,-0.45234474539756775,1023
mistral_7b_v0_1,dummy_only,selected,31,blank_dummy,0.0,2.0926388379765397,2.09004660389174,-0.002592234084799916,0.011578339152038097,0.4400385618209839,0.002108631655573845,-0.4379299283027649,1023
mistral_7b_v0_1,dummy_only,selected,32,blank_dummy,0.0,1.930723844735154,1.919378942525049,-0.01134490221010509,0.009402123279869556,0.42578840255737305,0.0020531900227069855,-0.42373520135879517,1023
mistral_7b_v0_1,dummy_only,selected,33,blank_dummy,0.0,1.9509488550449048,1.9405182272574535,-0.010430627787451296,0.01156214065849781,0.434118390083313,0.00209995754994452,-0.4320184290409088,1023
mistral_7b_v0_1,dummy_only,selected,34,blank_dummy,0.0,2.2928059895833335,2.2883367603708455,-0.004469229212487935,0.008454171009361744,0.43385469913482666,0.0019380373414605856,-0.43191665410995483,1023
mistral_7b_v0_1,dummy_only,selected,35,blank_dummy,0.0,2.1693985119593107,2.1598063866996577,-0.009592125259652917,0.015385965816676617,0.4541398882865906,0.001983901485800743,-0.4521559774875641,1023
mistral_7b_v0_1,dummy_only,selected,36,blank_dummy,0.0,2.079956889968231,2.069849277171921,-0.010107612796309784,0.008871599100530148,0.4558146893978119,0.002063317224383354,-0.4537513852119446,1023
mistral_7b_v0_1,dummy_only,selected,37,blank_dummy,0.0,2.0139009805718473,2.0017696018908846,-0.012131378680962701,0.010736506432294846,0.4806077480316162,0.0021405061706900597,-0.47846725583076477,1023
mistral_7b_v0_1,dummy_only,selected,38,blank_dummy,0.0,1.820633009148949,1.8047185247128543,-0.015914484436094778,0.010568744502961636,0.4397261142730713,0.002088880632072687,-0.43763723969459534,1023
mistral_7b_v0_1,dummy_only,selected,39,blank_dummy,0.0,1.6644016239766617,1.6497029503070015,-0.014698673669660156,0.017804039642214775,0.4802735149860382,0.002178840572014451,-0.4780946671962738,1023
mistral_7b_v0_1,dummy_only,selected,40,blank_dummy,0.0,1.4927984481915935,1.4874280703965055,-0.005370377795087977,0.013425856828689575,0.4726948142051697,0.0022257626987993717,-0.47046905755996704,1023
mistral_7b_v0_1,dummy_only,selected,41,blank_dummy,0.0,1.6921228015411167,1.686294212602334,-0.005828588938782797,0.012214375659823418,0.443822979927063,0.002247883938252926,-0.4415751099586487,1023
mistral_7b_v0_1,dummy_only,selected,42,blank_dummy,0.0,1.6934183219544232,1.688991692059201,-0.004426629895222245,0.009994812309741974,0.4691477417945862,0.002157599665224552,-0.4669901430606842,1023
mistral_7b_v0_1,dummy_only,selected,43,blank_dummy,0.0,1.9717784892778591,1.9744843215420331,0.0027058322641739796,0.01652158796787262,0.43381303548812866,0.0022296644747257233,-0.43158337473869324,1023
mistral_7b_v0_1,dummy_only,selected,44,blank_dummy,0.0,1.9952283991630009,1.9826746070839443,-0.012553792079056603,0.0100123705342412,0.4561818540096283,0.0020947004668414593,-0.45408716797828674,1023
mistral_7b_v0_1,dummy_only,selected,45,blank_dummy,0.0,1.5472770086831011,1.5395205918178763,-0.00775641686522488,0.01183068472892046,0.46658527851104736,0.002062623156234622,-0.46452265977859497,1023
mistral_7b_v0_1,dummy_only,selected,46,blank_dummy,0.0,1.8602829501542644,1.8521238086510263,-0.008159141503238043,0.009397963061928749,0.47821012139320374,0.0020907302387058735,-0.47611939907073975,1023
mistral_7b_v0_1,dummy_only,selected,47,blank_dummy,0.0,2.0863186266648337,2.0767658789253423,-0.00955274773949144,0.013135619461536407,0.46594753861427307,0.0020772702991962433,-0.46387025713920593,1023
mistral_7b_v0_1,dummy_only,selected,48,blank_dummy,0.0,2.130396390823558,2.1243012280058653,-0.006095162817692845,0.01697402447462082,0.4997856020927429,0.002160958480089903,-0.49762463569641113,1023
mistral_7b_v0_1,dummy_only,selected,49,blank_dummy,0.0,1.6263520808513563,1.6183088047180474,-0.008043276133308908,0.013882291503250599,0.4678038954734802,0.0023097265511751175,-0.46549415588378906,1023
mistral_7b_v0_1,dummy_only,selected,50,blank_dummy,0.0,2.116236711876833,2.1040449543316226,-0.01219175754521018,0.013079138472676277,0.4745756685733795,0.002231729682534933,-0.47234395146369934,1023
mistral_7b_v0_1,dummy_only,selected,51,blank_dummy,0.0,1.703028346086877,1.6955659480388563,-0.007462398048020624,0.01554950512945652,0.46324723958969116,0.0021325736306607723,-0.46111467480659485,1023
mistral_7b_v0_1,dummy_only,selected,52,blank_dummy,0.0,1.6471090456607405,1.6370275652187194,-0.010081480442021062,0.012018161825835705,0.4508947730064392,0.0023255562409758568,-0.4485692083835602,1023
mistral_7b_v0_1,dummy_only,selected,53,blank_dummy,0.0,1.7627420882209188,1.7590188840267595,-0.0037232041941592797,0.01167700532823801,0.4329184889793396,0.00214606081135571,-0.43077242374420166,1023
mistral_7b_v0_1,dummy_only,selected,54,blank_dummy,0.0,1.6718951660633554,1.657572488048326,-0.0143226780150294,0.01285462360829115,0.48279836773872375,0.0023840167559683323,-0.48041436076164246,1023
mistral_7b_v0_1,dummy_only,selected,55,blank_dummy,0.0,1.574251683925953,1.5637457615469208,-0.010505922379032251,0.00988768506795168,0.48355889320373535,0.0020432649180293083,-0.4815156161785126,1023
mistral_7b_v0_1,dummy_only,selected,56,blank_dummy,0.0,1.6082153916941593,1.5896504421737536,-0.01856494952040566,0.010839405469596386,0.4599299132823944,0.0022264388389885426,-0.45770347118377686,1023
mistral_7b_v0_1,dummy_only,selected,57,blank_dummy,0.0,1.6215352555290812,1.612844398177847,-0.008690857351234094,0.013297971338033676,0.502375602722168,0.002138099167495966,-0.5002375245094299,1023
mistral_7b_v0_1,dummy_only,selected,58,blank_dummy,0.0,2.12489499327957,2.133551842772483,0.008656849492913121,0.01436229795217514,0.45704907178878784,0.0020486139692366123,-0.45500046014785767,1023
mistral_7b_v0_1,dummy_only,selected,59,blank_dummy,0.0,2.1360152049731185,2.1311087659610215,-0.004906439012096975,0.012338082306087017,0.4630368947982788,0.0021293479949235916,-0.46090754866600037,1023
mistral_7b_v0_1,dummy_only,selected,60,blank_dummy,0.0,1.8172855619577835,1.8027722012845186,-0.014513360673264808,0.013424845412373543,0.49583160877227783,0.002166375517845154,-0.4936652183532715,1023
mistral_7b_v0_1,dummy_only,selected,61,blank_dummy,0.0,1.8991323342421187,1.8957801140182062,-0.003352220223912461,0.014807519502937794,0.5049464106559753,0.0022091753780841827,-0.5027372241020203,1023
mistral_7b_v0_1,dummy_only,selected,62,blank_dummy,0.0,1.7430402023002198,1.736084700329912,-0.006955501970307809,0.013290653936564922,0.46733540296554565,0.0022163167595863342,-0.4651190936565399,1023
mistral_7b_v0_1,dummy_only,selected,63,blank_dummy,0.0,1.696991414268695,1.6871646944495358,-0.00982671981915928,0.009414044208824635,0.4697299897670746,0.002140512689948082,-0.46758946776390076,1023
mistral_7b_v0_1,source_subtract_only,selected,0,subtract_only,3.0,1.3307267801502933,1.7449352156265274,0.4142084354762341,0.4302580654621124,0.06260398030281067,0.003368078963831067,-0.05923590064048767,1023
mistral_7b_v0_1,source_subtract_only,selected,1,subtract_only,3.0,1.5168535786290323,1.7324619684750733,0.21560838984604103,0.23579584062099457,0.0480722039937973,0.0029916628263890743,-0.04508054256439209,1023
mistral_7b_v0_1,source_subtract_only,selected,2,subtract_only,3.0,1.3922991412359482,1.5877570994089076,0.1954579581729594,0.21063397824764252,0.049169979989528656,0.002963318955153227,-0.04620666056871414,1023
mistral_7b_v0_1,source_subtract_only,selected,3,subtract_only,3.0,1.4238503196022727,1.8621187778745112,0.4382684582722385,0.3942822217941284,0.059726133942604065,0.0025941471103578806,-0.05713198706507683,1023
mistral_7b_v0_1,source_subtract_only,selected,4,subtract_only,3.0,1.2752956416483383,1.3997644031036167,0.12446876145527841,0.14162679016590118,0.04210014268755913,0.0030241836793720722,-0.03907595947384834,1023
mistral_7b_v0_1,source_subtract_only,selected,5,subtract_only,3.0,1.6004866584188662,1.6841705710074535,0.08368391258858732,0.10294333100318909,0.0410151369869709,0.002158199204131961,-0.03885693848133087,1023
mistral_7b_v0_1,source_subtract_only,selected,6,subtract_only,3.0,1.709173148445137,1.743766419232649,0.034593270787512065,0.07011197507381439,0.03776607662439346,0.001968272030353546,-0.03579780459403992,1023
mistral_7b_v0_1,source_subtract_only,selected,7,subtract_only,3.0,1.4225533672791422,1.653753226570137,0.23119985929099474,0.29002678394317627,0.04797425493597984,0.0027900435961782932,-0.04518420994281769,1023
mistral_7b_v0_1,source_subtract_only,selected,8,subtract_only,3.0,1.6034390178244136,1.8008999791895772,0.19746096136516367,0.22854897379875183,0.052258726209402084,0.0023844600655138493,-0.04987426474690437,1023
mistral_7b_v0_1,source_subtract_only,selected,9,subtract_only,3.0,1.6139312177342986,1.718350855136547,0.10441963740224836,0.1510460525751114,0.04561774060130119,0.0024424383882433176,-0.04317530244588852,1023
mistral_7b_v0_1,source_subtract_only,selected,10,subtract_only,3.0,1.7376791319189884,1.982901445465237,0.24522231354624857,0.2650054693222046,0.059805769473314285,0.0028962166979908943,-0.056909553706645966,1023
mistral_7b_v0_1,source_subtract_only,selected,11,subtract_only,3.0,2.088012337335044,2.1317495456072826,0.0437372082722387,0.09570671617984772,0.039343155920505524,0.002250602236017585,-0.037092555314302444,1023
mistral_7b_v0_1,source_subtract_only,selected,12,subtract_only,3.0,1.8277651133308896,2.248451866828568,0.42068675349767815,0.48709234595298767,0.04888990521430969,0.0027758388314396143,-0.04611406475305557,1023
mistral_7b_v0_1,source_subtract_only,selected,13,subtract_only,3.0,2.1792175949260755,2.609313666529203,0.4300960716031277,0.47674065828323364,0.07312307506799698,0.0030276193283498287,-0.07009545713663101,1023
mistral_7b_v0_1,source_subtract_only,selected,14,subtract_only,3.0,2.0743574066012953,2.209499385233382,0.13514197863208688,0.16940271854400635,0.05000317469239235,0.003111734054982662,-0.04689143970608711,1023
mistral_7b_v0_1,source_subtract_only,selected,15,subtract_only,3.0,2.078677717192082,2.178747212548876,0.10006949535679377,0.15678144991397858,0.05082494020462036,0.002525098156183958,-0.048299841582775116,1023
mistral_7b_v0_1,source_subtract_only,selected,16,subtract_only,3.0,2.0393445862353374,2.099112024987781,0.059767438752443613,0.08969169855117798,0.03855776786804199,0.002086829859763384,-0.036470938473939896,1023
mistral_7b_v0_1,source_subtract_only,selected,17,subtract_only,3.0,1.91794810663337,1.937569924929741,0.019621818296370996,0.049130331724882126,0.03704017400741577,0.0015647360123693943,-0.035475436598062515,1023
mistral_7b_v0_1,source_subtract_only,selected,18,subtract_only,3.0,1.8863266453598484,1.9256028579010875,0.03927621254123914,0.07479164749383926,0.03719552233815193,0.001582812867127359,-0.03561270982027054,1023
mistral_7b_v0_1,source_subtract_only,selected,19,subtract_only,3.0,1.9379689504673754,2.038834349034702,0.10086539856732668,0.1567760705947876,0.04276898130774498,0.0024503825698047876,-0.04031859710812569,1023
mistral_7b_v0_1,source_subtract_only,selected,20,subtract_only,3.0,2.073961483534946,2.4307244413642475,0.35676295782930145,0.34973472356796265,0.05682387202978134,0.0027486623730510473,-0.0540752112865448,1023
mistral_7b_v0_1,source_subtract_only,selected,21,subtract_only,3.0,1.3767259286412512,1.4378691940829669,0.061143265441715666,0.12548203766345978,0.0460059754550457,0.002491331659257412,-0.043514642864465714,1023
mistral_7b_v0_1,source_subtract_only,selected,22,subtract_only,3.0,1.6520424523078567,1.9477305183895406,0.29568806608168385,0.31917083263397217,0.05433282256126404,0.003008618950843811,-0.05132420361042023,1023
mistral_7b_v0_1,source_subtract_only,selected,23,subtract_only,3.0,1.134136777935606,1.3933035066516983,0.25916672871609236,0.26777058839797974,0.04744139313697815,0.0026640514843165874,-0.044777341187000275,1023
mistral_7b_v0_1,source_subtract_only,selected,24,subtract_only,3.0,1.5055309903470186,1.8066356133156158,0.3011046229685972,0.31848862767219543,0.05749363824725151,0.0030429710168391466,-0.05445066839456558,1023
mistral_7b_v0_1,source_subtract_only,selected,25,subtract_only,3.0,1.6836552027966154,2.2565774777767595,0.5729222749801441,0.6050025820732117,0.07342018187046051,0.002970233093947172,-0.07044994831085205,1023
mistral_7b_v0_1,source_subtract_only,selected,26,subtract_only,3.0,1.8440038060163124,2.45057858702957,0.6065747810132576,0.6042362451553345,0.0765705406665802,0.0028456752188503742,-0.07372486591339111,1023
mistral_7b_v0_1,source_subtract_only,selected,27,subtract_only,3.0,1.81068958867913,1.9212420958577712,0.11055250717864107,0.1023007407784462,0.0401318222284317,0.002336225938051939,-0.037795595824718475,1023
mistral_7b_v0_1,source_subtract_only,selected,28,subtract_only,3.0,1.8268424861009287,2.001697051793133,0.17485456569220426,0.20990587770938873,0.04558646306395531,0.003022207412868738,-0.04256425425410271,1023
mistral_7b_v0_1,source_subtract_only,selected,29,subtract_only,3.0,1.9317128171202957,2.161213715405059,0.22950089828476306,0.2697431743144989,0.05440172553062439,0.0026158138643950224,-0.0517859123647213,1023
mistral_7b_v0_1,source_subtract_only,selected,30,subtract_only,3.0,1.8848595344192938,2.0491040062927666,0.1642444718734728,0.16498559713363647,0.05133576691150665,0.0027258731424808502,-0.0486098937690258,1023
mistral_7b_v0_1,source_subtract_only,selected,31,subtract_only,3.0,2.0926388379765397,2.193981062515274,0.1013422245387341,0.1258552074432373,0.04646808281540871,0.0026360999327152967,-0.04383198171854019,1023
mistral_7b_v0_1,source_subtract_only,selected,32,subtract_only,3.0,1.930723844735154,1.968093230694037,0.03736938595888306,0.08316617459058762,0.03950159251689911,0.002437202027067542,-0.03706439211964607,1023
mistral_7b_v0_1,source_subtract_only,selected,33,subtract_only,3.0,1.9509488550449048,2.1476683257728495,0.1967194707279447,0.23786473274230957,0.047067318111658096,0.0027170092798769474,-0.04435030743479729,1023
mistral_7b_v0_1,source_subtract_only,selected,34,subtract_only,3.0,2.2928059895833335,2.4336137967375366,0.14080780715420316,0.17465004324913025,0.04363358020782471,0.0021031824871897697,-0.04153039678931236,1023
mistral_7b_v0_1,source_subtract_only,selected,35,subtract_only,3.0,2.1693985119593107,2.3671536114674976,0.19775509950818693,0.23652596771717072,0.05133988708257675,0.0025333252269774675,-0.0488065630197525,1023
mistral_7b_v0_1,source_subtract_only,selected,36,subtract_only,3.0,2.079956889968231,2.2974971648185485,0.21754027485031768,0.23747120797634125,0.048558834940195084,0.0025804119650274515,-0.045978423207998276,1023
mistral_7b_v0_1,source_subtract_only,selected,37,subtract_only,3.0,2.0139009805718473,2.401182948435973,0.3872819678641255,0.41921016573905945,0.058377787470817566,0.002609787043184042,-0.055768001824617386,1023
mistral_7b_v0_1,source_subtract_only,selected,38,subtract_only,3.0,1.820633009148949,2.0172685938263686,0.19663558467741948,0.2180599421262741,0.04899469390511513,0.0028050648979842663,-0.046189628541469574,1023
mistral_7b_v0_1,source_subtract_only,selected,39,subtract_only,3.0,1.6644016239766617,2.0059493466672778,0.34154772269061606,0.34733590483665466,0.0574064776301384,0.0034009376540780067,-0.054005540907382965,1023
mistral_7b_v0_1,source_subtract_only,selected,40,subtract_only,3.0,1.4927984481915935,1.88063587774163,0.38783742955003664,0.39107099175453186,0.05403345078229904,0.0029300027526915073,-0.05110344663262367,1023
mistral_7b_v0_1,source_subtract_only,selected,41,subtract_only,3.0,1.6921228015411167,1.7677538919309017,0.075631090389785,0.12267587333917618,0.04059777036309242,0.0032340316101908684,-0.03736373782157898,1023
mistral_7b_v0_1,source_subtract_only,selected,42,subtract_only,3.0,1.6934183219544232,1.8356785629734849,0.14226024101906165,0.157362699508667,0.04547429457306862,0.0025306304451078176,-0.04294366389513016,1023
mistral_7b_v0_1,source_subtract_only,selected,43,subtract_only,3.0,1.9717784892778591,2.035692022925831,0.06391353364797192,0.07538735121488571,0.037284545600414276,0.0019372517708688974,-0.03534729406237602,1023
mistral_7b_v0_1,source_subtract_only,selected,44,subtract_only,3.0,1.9952283991630009,2.3089970712671066,0.31376867210410575,0.317696213722229,0.05121297389268875,0.0027909502387046814,-0.04842202365398407,1023
mistral_7b_v0_1,source_subtract_only,selected,45,subtract_only,3.0,1.5472770086831011,1.6147854712701613,0.06750846258706011,0.09904216229915619,0.0386149026453495,0.002196840476244688,-0.03641806170344353,1023
mistral_7b_v0_1,source_subtract_only,selected,46,subtract_only,3.0,1.8602829501542644,2.2415646192265397,0.38128166907227534,0.42971429228782654,0.05877500772476196,0.0031039919704198837,-0.05567101389169693,1023
mistral_7b_v0_1,source_subtract_only,selected,47,subtract_only,3.0,2.0863186266648337,2.346618115377566,0.26029948871273234,0.3053188920021057,0.05471006780862808,0.0028933098074048758,-0.05181675776839256,1023
mistral_7b_v0_1,source_subtract_only,selected,48,subtract_only,3.0,2.130396390823558,2.6355932688782993,0.5051968780547411,0.5549216270446777,0.07098004966974258,0.0027004648000001907,-0.06827958673238754,1023
mistral_7b_v0_1,source_subtract_only,selected,49,subtract_only,3.0,1.6263520808513563,1.7670493922974706,0.1406973114461143,0.18372716009616852,0.04782821983098984,0.0027245020028203726,-0.04510371759533882,1023
mistral_7b_v0_1,source_subtract_only,selected,50,subtract_only,3.0,2.116236711876833,2.3720400037420575,0.25580329186522466,0.29708191752433777,0.04349293187260628,0.002446304075419903,-0.0410466268658638,1023
mistral_7b_v0_1,source_subtract_only,selected,51,subtract_only,3.0,1.703028346086877,2.0037778554191106,0.30074950933223366,0.35278648138046265,0.05463992431759834,0.0026753502897918224,-0.05196457356214523,1023
mistral_7b_v0_1,source_subtract_only,selected,52,subtract_only,3.0,1.6471090456607405,1.7176258314623045,0.07051678580156406,0.13699789345264435,0.043206118047237396,0.0027388709131628275,-0.04046724736690521,1023
mistral_7b_v0_1,source_subtract_only,selected,53,subtract_only,3.0,1.7627420882209188,1.8002182707875123,0.03747618256659346,0.07915433496236801,0.03856676071882248,0.002244385192170739,-0.036322373896837234,1023
mistral_7b_v0_1,source_subtract_only,selected,54,subtract_only,3.0,1.6718951660633554,2.0688166315371457,0.39692146547379026,0.40666627883911133,0.06564942002296448,0.0034986017271876335,-0.06215081736445427,1023
mistral_7b_v0_1,source_subtract_only,selected,55,subtract_only,3.0,1.574251683925953,1.7758178114308407,0.20156612750488767,0.2405700385570526,0.05581651255488396,0.0026625473983585835,-0.05315396562218666,1023
mistral_7b_v0_1,source_subtract_only,selected,56,subtract_only,3.0,1.6082153916941593,1.7295499411962365,0.12133454950207723,0.12091182172298431,0.04233047738671303,0.002529348712414503,-0.03980112820863724,1023
mistral_7b_v0_1,source_subtract_only,selected,57,subtract_only,3.0,1.6215352555290812,2.11808506880804,0.49654981327895875,0.4902876615524292,0.050406940281391144,0.003162617329508066,-0.047244321554899216,1023
mistral_7b_v0_1,source_subtract_only,selected,58,subtract_only,3.0,2.12489499327957,2.2654259645344577,0.14053097125488767,0.19934585690498352,0.04721822962164879,0.0024397321976721287,-0.0447784960269928,1023
mistral_7b_v0_1,source_subtract_only,selected,59,subtract_only,3.0,2.1360152049731185,2.2733138784518574,0.13729867347873892,0.16025899350643158,0.04379487410187721,0.0026249887887388468,-0.04116988554596901,1023
mistral_7b_v0_1,source_subtract_only,selected,60,subtract_only,3.0,1.8172855619577835,2.2776518492638074,0.4603662873060239,0.486980676651001,0.05736427754163742,0.0034882058389484882,-0.05387607216835022,1023
mistral_7b_v0_1,source_subtract_only,selected,61,subtract_only,3.0,1.8991323342421187,2.1890178244134897,0.289885490171371,0.2839500308036804,0.05163286626338959,0.003012876259163022,-0.048619989305734634,1023
mistral_7b_v0_1,source_subtract_only,selected,62,subtract_only,3.0,1.7430402023002198,1.770738588633309,0.027698386333089076,0.07141050696372986,0.03870111331343651,0.0025526590179651976,-0.03614845499396324,1023
mistral_7b_v0_1,source_subtract_only,selected,63,subtract_only,3.0,1.696991414268695,1.7577251535007332,0.060733739232038175,0.08493132889270782,0.03863601014018059,0.002216347260400653,-0.036419663578271866,1023
mistral_7b_v0_1,dummy_add_only,selected,0,add_only,3.0,1.3307267801502933,1.3319227828308284,0.001196002680535102,0.007316272240132093,0.3096274733543396,0.2242734134197235,-0.08535405993461609,1023
mistral_7b_v0_1,dummy_add_only,selected,1,add_only,3.0,1.5168535786290323,1.5141244778302174,-0.002729100798814832,0.007617190480232239,0.313090056180954,0.22236409783363342,-0.09072595834732056,1023
mistral_7b_v0_1,dummy_add_only,selected,2,add_only,3.0,1.3922991412359482,1.384531269092131,-0.007767872143817245,0.006879671011120081,0.30484724044799805,0.2174311727285385,-0.08741606771945953,1023
mistral_7b_v0_1,dummy_add_only,selected,3,add_only,3.0,1.4238503196022727,1.4231372285098973,-0.0007130910923753842,0.006792791653424501,0.31456005573272705,0.22717657685279846,-0.08738347887992859,1023
mistral_7b_v0_1,dummy_add_only,selected,4,add_only,3.0,1.2752956416483383,1.286997805359543,0.011702163711204694,0.007062959484755993,0.30279624462127686,0.2152126431465149,-0.08758360147476196,1023
mistral_7b_v0_1,dummy_add_only,selected,5,add_only,3.0,1.6004866584188662,1.5992441186690494,-0.0012425397498168067,0.007062929682433605,0.3105009198188782,0.21934378147125244,-0.09115713834762573,1023
mistral_7b_v0_1,dummy_add_only,selected,6,add_only,3.0,1.709173148445137,1.7019076379979228,-0.00726551044721413,0.011651144362986088,0.30339324474334717,0.21784257888793945,-0.08555066585540771,1023
mistral_7b_v0_1,dummy_add_only,selected,7,add_only,3.0,1.4225533672791422,1.4267566192418133,0.0042032519626711284,0.009793921373784542,0.32075995206832886,0.22819505631923676,-0.0925648957490921,1023
mistral_7b_v0_1,dummy_add_only,selected,8,add_only,3.0,1.6034390178244136,1.6031358109191716,-0.0003032069052419928,0.007007252424955368,0.3205968141555786,0.22594882547855377,-0.09464798867702484,1023
mistral_7b_v0_1,dummy_add_only,selected,9,add_only,3.0,1.6139312177342986,1.617685565967131,0.003754348232832383,0.007791605312377214,0.3128018081188202,0.22319495677947998,-0.08960685133934021,1023
mistral_7b_v0_1,dummy_add_only,selected,10,add_only,3.0,1.7376791319189884,1.7489635359390274,0.011284404020039052,0.006098896265029907,0.3123995065689087,0.2208319753408432,-0.09156753122806549,1023
mistral_7b_v0_1,dummy_add_only,selected,11,add_only,3.0,2.088012337335044,2.078022857099218,-0.009989480235825798,0.005424601957201958,0.29382652044296265,0.20637202262878418,-0.08745449781417847,1023
mistral_7b_v0_1,dummy_add_only,selected,12,add_only,3.0,1.8277651133308896,1.8236556514616935,-0.00410946186919614,0.01083367969840765,0.3236224949359894,0.23275521397590637,-0.09086728096008301,1023
mistral_7b_v0_1,dummy_add_only,selected,13,add_only,3.0,2.1792175949260755,2.1791868088648583,-3.078606121720284e-05,0.005439663305878639,0.30705100297927856,0.21860964596271515,-0.08844135701656342,1023
mistral_7b_v0_1,dummy_add_only,selected,14,add_only,3.0,2.0743574066012953,2.062992338327835,-0.011365068273460288,0.004440261051058769,0.3026384115219116,0.2163705825805664,-0.08626782894134521,1023
mistral_7b_v0_1,dummy_add_only,selected,15,add_only,3.0,2.078677717192082,2.0702158460868767,-0.008461871105205354,0.006874024402350187,0.3039965033531189,0.21519024670124054,-0.08880625665187836,1023
mistral_7b_v0_1,dummy_add_only,selected,16,add_only,3.0,2.0393445862353374,2.040923266816349,0.0015786805810114046,0.007151023019105196,0.31498685479164124,0.22455564141273499,-0.09043121337890625,1023
mistral_7b_v0_1,dummy_add_only,selected,17,add_only,3.0,1.91794810663337,1.919446242286779,0.0014981356534091717,0.005340286064893007,0.2878149747848511,0.19998376071453094,-0.08783121407032013,1023
mistral_7b_v0_1,dummy_add_only,selected,18,add_only,3.0,1.8863266453598484,1.8899083291330645,0.0035816837732161044,0.007093306165188551,0.3040233254432678,0.21789106726646423,-0.08613225817680359,1023
mistral_7b_v0_1,dummy_add_only,selected,19,add_only,3.0,1.9379689504673754,1.9499239655883431,0.011955015120967749,0.012378500774502754,0.3204845190048218,0.22440524399280548,-0.0960792750120163,1023
mistral_7b_v0_1,dummy_add_only,selected,20,add_only,3.0,2.073961483534946,2.072345334646872,-0.0016161488880741537,0.008628872223198414,0.31937873363494873,0.2263924479484558,-0.09298628568649292,1023
mistral_7b_v0_1,dummy_add_only,selected,21,add_only,3.0,1.3767259286412512,1.3686248988117058,-0.008101029829545414,0.007469221483916044,0.30758216977119446,0.21944057941436768,-0.08814159035682678,1023
mistral_7b_v0_1,dummy_add_only,selected,22,add_only,3.0,1.6520424523078567,1.6389903556100318,-0.013052096697824922,0.009832002222537994,0.31355544924736023,0.22447660565376282,-0.08907884359359741,1023
mistral_7b_v0_1,dummy_add_only,selected,23,add_only,3.0,1.134136777935606,1.1249434395619502,-0.009193338373655768,0.0071356394328176975,0.30474844574928284,0.22271767258644104,-0.0820307731628418,1023
mistral_7b_v0_1,dummy_add_only,selected,24,add_only,3.0,1.5055309903470186,1.4933836220063539,-0.012147368340664766,0.008554861880838871,0.29814326763153076,0.2142944633960724,-0.08384880423545837,1023
mistral_7b_v0_1,dummy_add_only,selected,25,add_only,3.0,1.6836552027966154,1.6859883805290812,0.0023331777324657743,0.010826034471392632,0.302016019821167,0.22301848232746124,-0.07899753749370575,1023
mistral_7b_v0_1,dummy_add_only,selected,26,add_only,3.0,1.8440038060163124,1.844133990484482,0.00013018446816959184,0.004466637037694454,0.3161536455154419,0.22505931556224823,-0.09109432995319366,1023
mistral_7b_v0_1,dummy_add_only,selected,27,add_only,3.0,1.81068958867913,1.8025909453659579,-0.008098643313172227,0.004944109823554754,0.29647964239120483,0.21006016433238983,-0.086419478058815,1023
mistral_7b_v0_1,dummy_add_only,selected,28,add_only,3.0,1.8268424861009287,1.8286619661840176,0.0018194800830888536,0.005673210136592388,0.3067391812801361,0.21764875948429108,-0.08909042179584503,1023
mistral_7b_v0_1,dummy_add_only,selected,29,add_only,3.0,1.9317128171202957,1.9246965783082846,-0.0070162388120111885,0.005744543392211199,0.3070161044597626,0.2189217209815979,-0.08809438347816467,1023
mistral_7b_v0_1,dummy_add_only,selected,30,add_only,3.0,1.8848595344192938,1.883188137677175,-0.0016713967421186915,0.007172213401645422,0.3035680651664734,0.21188393235206604,-0.09168413281440735,1023
mistral_7b_v0_1,dummy_add_only,selected,31,add_only,3.0,2.0926388379765397,2.096336745097141,0.0036979071206011405,0.005800653249025345,0.29544439911842346,0.20677143335342407,-0.08867296576499939,1023
mistral_7b_v0_1,dummy_add_only,selected,32,add_only,3.0,1.930723844735154,1.9316695018481183,0.0009456571129642377,0.004295947961509228,0.2873840928077698,0.20358812808990479,-0.08379596471786499,1023
mistral_7b_v0_1,dummy_add_only,selected,33,add_only,3.0,1.9509488550449048,1.9506529270146016,-0.00029592803030320525,0.009080704301595688,0.2900269329547882,0.20648154616355896,-0.08354538679122925,1023
mistral_7b_v0_1,dummy_add_only,selected,34,add_only,3.0,2.2928059895833335,2.289104502688172,-0.0037014868951614766,0.0043319412507116795,0.293218195438385,0.20453070104122162,-0.08868749439716339,1023
mistral_7b_v0_1,dummy_add_only,selected,35,add_only,3.0,2.1693985119593107,2.172749419599218,0.003350907639907419,0.007545228581875563,0.3023311197757721,0.21079812943935394,-0.09153299033641815,1023
mistral_7b_v0_1,dummy_add_only,selected,36,add_only,3.0,2.079956889968231,2.076064004459922,-0.0038928855083089076,0.006524621043354273,0.30429205298423767,0.2112228274345398,-0.09306922554969788,1023
mistral_7b_v0_1,dummy_add_only,selected,37,add_only,3.0,2.0139009805718473,2.0132945667613638,-0.0006064138104835415,0.007861259393393993,0.31499961018562317,0.22257636487483978,-0.09242324531078339,1023
mistral_7b_v0_1,dummy_add_only,selected,38,add_only,3.0,1.820633009148949,1.8277581924334065,0.007125183284457437,0.006918108090758324,0.2939448952674866,0.2115892618894577,-0.08235563337802887,1023
mistral_7b_v0_1,dummy_add_only,selected,39,add_only,3.0,1.6644016239766617,1.659709971438172,-0.004691652538489688,0.010318536311388016,0.3152775168418884,0.2225768119096756,-0.09270070493221283,1023
mistral_7b_v0_1,dummy_add_only,selected,40,add_only,3.0,1.4927984481915935,1.4959612983412756,0.003162850149682095,0.009570795111358166,0.30880534648895264,0.2180732637643814,-0.09073208272457123,1023
mistral_7b_v0_1,dummy_add_only,selected,41,add_only,3.0,1.6921228015411167,1.6992025216886608,0.0070797201475441,0.004634876735508442,0.2974497675895691,0.2070586383342743,-0.0903911292552948,1023
mistral_7b_v0_1,dummy_add_only,selected,42,add_only,3.0,1.6934183219544232,1.6980853933742668,0.0046670714198435714,0.007794070523232222,0.3113899827003479,0.21725690364837646,-0.09413307905197144,1023
mistral_7b_v0_1,dummy_add_only,selected,43,add_only,3.0,1.9717784892778591,1.9780655280119745,0.006287038734115402,0.009463977068662643,0.2946302890777588,0.2102423906326294,-0.0843878984451294,1023
mistral_7b_v0_1,dummy_add_only,selected,44,add_only,3.0,1.9952283991630009,2.0046126588465296,0.00938425968352874,0.006171611603349447,0.3026120066642761,0.21667340397834778,-0.08593860268592834,1023
mistral_7b_v0_1,dummy_add_only,selected,45,add_only,3.0,1.5472770086831011,1.5431990488300342,-0.004077959853066915,0.008175545372068882,0.31326836347579956,0.21894916892051697,-0.09431919455528259,1023
mistral_7b_v0_1,dummy_add_only,selected,46,add_only,3.0,1.8602829501542644,1.8701121758156158,0.00982922566135147,0.005535684060305357,0.3139011561870575,0.223192498087883,-0.0907086580991745,1023
mistral_7b_v0_1,dummy_add_only,selected,47,add_only,3.0,2.0863186266648337,2.077789933101173,-0.008528693563660816,0.00826197024434805,0.30595263838768005,0.21804532408714294,-0.08790731430053711,1023
mistral_7b_v0_1,dummy_add_only,selected,48,add_only,3.0,2.130396390823558,2.1243790284396384,-0.0060173623839197,0.0148072624579072,0.3212551176548004,0.2263309359550476,-0.09492418169975281,1023
mistral_7b_v0_1,dummy_add_only,selected,49,add_only,3.0,1.6263520808513563,1.6170278420546187,-0.009324238796737605,0.006232932675629854,0.3118690252304077,0.21606086194515228,-0.09580816328525543,1023
mistral_7b_v0_1,dummy_add_only,selected,50,add_only,3.0,2.116236711876833,2.106391615881598,-0.009845095995234754,0.008849645033478737,0.3142581284046173,0.22019067406654358,-0.09406745433807373,1023
mistral_7b_v0_1,dummy_add_only,selected,51,add_only,3.0,1.703028346086877,1.6938649584937073,-0.009163387593169592,0.012272222898900509,0.30579763650894165,0.2136804759502411,-0.09211716055870056,1023
mistral_7b_v0_1,dummy_add_only,selected,52,add_only,3.0,1.6471090456607405,1.647865929328568,0.000756883667827557,0.007985326461493969,0.30188891291618347,0.21530231833457947,-0.086586594581604,1023
mistral_7b_v0_1,dummy_add_only,selected,53,add_only,3.0,1.7627420882209188,1.7709394139861314,0.008197325765212593,0.008494718000292778,0.2925611138343811,0.21076557040214539,-0.08179554343223572,1023
mistral_7b_v0_1,dummy_add_only,selected,54,add_only,3.0,1.6718951660633554,1.6642166689577225,-0.007678497105632953,0.003620411269366741,0.31365758180618286,0.2246277928352356,-0.08902978897094727,1023
mistral_7b_v0_1,dummy_add_only,selected,55,add_only,3.0,1.574251683925953,1.5801561640854105,0.005904480159457437,0.0077271838672459126,0.3188105821609497,0.22632542252540588,-0.09248515963554382,1023
mistral_7b_v0_1,dummy_add_only,selected,56,add_only,3.0,1.6082153916941593,1.6022104391953813,-0.006004952498777971,0.0074002705514431,0.30757981538772583,0.21912416815757751,-0.08845564723014832,1023
mistral_7b_v0_1,dummy_add_only,selected,57,add_only,3.0,1.6215352555290812,1.6155015455080035,-0.006033710021077665,0.009809508919715881,0.3262571394443512,0.23177661001682281,-0.09448052942752838,1023
mistral_7b_v0_1,dummy_add_only,selected,58,add_only,3.0,2.12489499327957,2.1325946110551075,0.007699617775537515,0.0058507854118943214,0.30445313453674316,0.21371307969093323,-0.09074005484580994,1023
mistral_7b_v0_1,dummy_add_only,selected,59,add_only,3.0,2.1360152049731185,2.1323877000855327,-0.0036275048875857863,0.009162423200905323,0.3091825246810913,0.218400239944458,-0.0907822847366333,1023
mistral_7b_v0_1,dummy_add_only,selected,60,add_only,3.0,1.8172855619577835,1.8142860688538611,-0.002999493103922335,0.006700047291815281,0.3250995874404907,0.22508637607097626,-0.10001321136951447,1023
mistral_7b_v0_1,dummy_add_only,selected,61,add_only,3.0,1.8991323342421187,1.9020708518527003,0.0029385176105816146,0.011660309508442879,0.33042606711387634,0.22815850377082825,-0.1022675633430481,1023
mistral_7b_v0_1,dummy_add_only,selected,62,add_only,3.0,1.7430402023002198,1.7416371693242914,-0.0014030329759284754,0.010277416557073593,0.31461581587791443,0.21869559586048126,-0.09592022001743317,1023
mistral_7b_v0_1,dummy_add_only,selected,63,add_only,3.0,1.696991414268695,1.691600035129521,-0.00539137913917398,0.00565481698140502,0.3150329887866974,0.21930581331253052,-0.09572717547416687,1023
mistral_7b_v0_1,full_transfer,selected,0,transfer,3.0,1.3307267801502933,1.3168451303610704,-0.013881649789222905,0.01713300496339798,0.0347549133002758,0.4079020619392395,0.3731471598148346,1023
mistral_7b_v0_1,full_transfer,selected,1,transfer,3.0,1.5168535786290323,1.5070671909365836,-0.009786387692448661,0.018175184726715088,0.03504914045333862,0.39086928963661194,0.3558201491832733,1023
mistral_7b_v0_1,full_transfer,selected,2,transfer,3.0,1.3922991412359482,1.3872985541529204,-0.005000587083027863,0.01631786674261093,0.03457380458712578,0.3793713450431824,0.3447975516319275,1023
mistral_7b_v0_1,full_transfer,selected,3,transfer,3.0,1.4238503196022727,1.405822574917522,-0.01802774468475077,0.016328128054738045,0.034702856093645096,0.40692052245140076,0.37221765518188477,1023
mistral_7b_v0_1,full_transfer,selected,4,transfer,3.0,1.2752956416483383,1.27274994463282,-0.0025456970155182113,0.016556425020098686,0.03506391867995262,0.36927396059036255,0.33421003818511963,1023
mistral_7b_v0_1,full_transfer,selected,5,transfer,3.0,1.6004866584188662,1.5838414226692326,-0.016645235749633613,0.019519712775945663,0.03469384089112282,0.37977027893066406,0.34507644176483154,1023
mistral_7b_v0_1,full_transfer,selected,6,transfer,3.0,1.709173148445137,1.6960879984955402,-0.013085149949596753,0.020897990092635155,0.03464007005095482,0.365367591381073,0.3307275176048279,1023
mistral_7b_v0_1,full_transfer,selected,7,transfer,3.0,1.4225533672791422,1.4068282529172775,-0.015725114361864634,0.017855698242783546,0.034971997141838074,0.4084600508213043,0.37348806858062744,1023
mistral_7b_v0_1,full_transfer,selected,8,transfer,3.0,1.6034390178244136,1.5928884675891983,-0.010550550235215228,0.018138855695724487,0.035102665424346924,0.4002097547054291,0.36510708928108215,1023
mistral_7b_v0_1,full_transfer,selected,9,transfer,3.0,1.6139312177342986,1.6075120853189149,-0.0064191324153837215,0.018501823768019676,0.035147130489349365,0.3866463303565979,0.35149919986724854,1023
mistral_7b_v0_1,full_transfer,selected,10,transfer,3.0,1.7376791319189884,1.7262942555596286,-0.011384876359359808,0.015461125411093235,0.03450416028499603,0.3954181373119354,0.3609139919281006,1023
mistral_7b_v0_1,full_transfer,selected,11,transfer,3.0,2.088012337335044,2.0683216680413,-0.019690669293743746,0.014904981479048729,0.03401801735162735,0.35011857748031616,0.3161005675792694,1023
mistral_7b_v0_1,full_transfer,selected,12,transfer,3.0,1.8277651133308896,1.8085042556359971,-0.019260857694892497,0.021233070641756058,0.03516767546534538,0.4297832250595093,0.3946155607700348,1023
mistral_7b_v0_1,full_transfer,selected,13,transfer,3.0,2.1792175949260755,2.1807490224828934,0.0015314275568178992,0.014322159811854362,0.035035327076911926,0.4019944667816162,0.3669591546058655,1023
mistral_7b_v0_1,full_transfer,selected,14,transfer,3.0,2.0743574066012953,2.0692710242546433,-0.005086382346652041,0.013537748716771603,0.03509460389614105,0.37227582931518555,0.3371812105178833,1023
mistral_7b_v0_1,full_transfer,selected,15,transfer,3.0,2.078677717192082,2.06793123396261,-0.010746483229472137,0.016397016122937202,0.03465985879302025,0.37396594882011414,0.3393060863018036,1023
mistral_7b_v0_1,full_transfer,selected,16,transfer,3.0,2.0393445862353374,2.0448760538856305,0.005531467650293109,0.020123885944485664,0.03516266122460365,0.3780208230018616,0.3428581655025482,1023
mistral_7b_v0_1,full_transfer,selected,17,transfer,3.0,1.91794810663337,1.9131169622128543,-0.004831144420515576,0.014779254794120789,0.034968599677085876,0.3390660881996155,0.3040974736213684,1023
mistral_7b_v0_1,full_transfer,selected,18,transfer,3.0,1.8863266453598484,1.8892787661137584,0.002952120753910048,0.019130248576402664,0.03520746901631355,0.3624001145362854,0.32719263434410095,1023
mistral_7b_v0_1,full_transfer,selected,19,transfer,3.0,1.9379689504673754,1.928260005231244,-0.009708945236131417,0.023302359506487846,0.03568604215979576,0.38478612899780273,0.3491000831127167,1023
mistral_7b_v0_1,full_transfer,selected,20,transfer,3.0,2.073961483534946,2.072354403409091,-0.001607080125855198,0.020315125584602356,0.03464554250240326,0.4044022560119629,0.36975669860839844,1023
mistral_7b_v0_1,full_transfer,selected,21,transfer,3.0,1.3767259286412512,1.3674082527645406,-0.009317675876710618,0.017719577997922897,0.034634754061698914,0.3747487962245941,0.3401140570640564,1023
mistral_7b_v0_1,full_transfer,selected,22,transfer,3.0,1.6520424523078567,1.629630319067693,-0.022412133240163667,0.021894186735153198,0.034475479274988174,0.3969867527484894,0.3625112771987915,1023
mistral_7b_v0_1,full_transfer,selected,23,transfer,3.0,1.134136777935606,1.1236276337594697,-0.010509144176136243,0.017410527914762497,0.03452417254447937,0.3788629174232483,0.3443387448787689,1023
mistral_7b_v0_1,full_transfer,selected,24,transfer,3.0,1.5055309903470186,1.4836604769978006,-0.02187051334921808,0.022367315366864204,0.034147631376981735,0.3778745234012604,0.34372690320014954,1023
mistral_7b_v0_1,full_transfer,selected,25,transfer,3.0,1.6836552027966154,1.6627749744165445,-0.020880228380070864,0.018673134967684746,0.03471200913190842,0.4049408435821533,0.3702288269996643,1023
mistral_7b_v0_1,full_transfer,selected,26,transfer,3.0,1.8440038060163124,1.8381435957355816,-0.005860210280730804,0.01449007261544466,0.03506391867995262,0.42030516266822815,0.38524124026298523,1023
mistral_7b_v0_1,full_transfer,selected,27,transfer,3.0,1.81068958867913,1.8044345292644184,-0.006255059414711717,0.01499484945088625,0.0341939702630043,0.35513749718666077,0.32094353437423706,1023
mistral_7b_v0_1,full_transfer,selected,28,transfer,3.0,1.8268424861009287,1.8239275950024438,-0.002914891098484862,0.016270499676465988,0.03412958234548569,0.3761054277420044,0.3419758379459381,1023
mistral_7b_v0_1,full_transfer,selected,29,transfer,3.0,1.9317128171202957,1.9154662489308407,-0.016246568189455024,0.017189765349030495,0.03485488519072533,0.38656994700431824,0.3517150580883026,1023
mistral_7b_v0_1,full_transfer,selected,30,transfer,3.0,1.8848595344192938,1.8777714614644427,-0.007088072954851032,0.01705249957740307,0.03508910536766052,0.3720788359642029,0.33698973059654236,1023
mistral_7b_v0_1,full_transfer,selected,31,transfer,3.0,2.0926388379765397,2.088946897146872,-0.003691940829667839,0.016826240345835686,0.034478116780519485,0.3584126830101013,0.32393455505371094,1023
mistral_7b_v0_1,full_transfer,selected,32,transfer,3.0,1.930723844735154,1.9127650703735948,-0.017958774361559238,0.01290719024837017,0.034413404762744904,0.3442597985267639,0.3098464012145996,1023
mistral_7b_v0_1,full_transfer,selected,33,transfer,3.0,1.9509488550449048,1.936324998663551,-0.014623856381353884,0.015850305557250977,0.03464767709374428,0.35783740878105164,0.32318973541259766,1023
mistral_7b_v0_1,full_transfer,selected,34,transfer,3.0,2.2928059895833335,2.285944516358138,-0.006861473225195702,0.013408887200057507,0.03415199741721153,0.34997129440307617,0.31581929326057434,1023
mistral_7b_v0_1,full_transfer,selected,35,transfer,3.0,2.1693985119593107,2.1522287199108017,-0.01716979204850899,0.020124662667512894,0.03404691070318222,0.37323153018951416,0.33918461203575134,1023
mistral_7b_v0_1,full_transfer,selected,36,transfer,3.0,2.079956889968231,2.070321568762219,-0.009635321206011849,0.02008860558271408,0.03430430591106415,0.37273865938186646,0.3384343385696411,1023
mistral_7b_v0_1,full_transfer,selected,37,transfer,3.0,2.0139009805718473,1.9993661412512218,-0.014534839320625492,0.019064994528889656,0.0344013087451458,0.4003754258155823,0.3659741282463074,1023
mistral_7b_v0_1,full_transfer,selected,38,transfer,3.0,1.820633009148949,1.8127203947870845,-0.007912614361864634,0.01516274269670248,0.03533075004816055,0.3613283634185791,0.32599762082099915,1023
mistral_7b_v0_1,full_transfer,selected,39,transfer,3.0,1.6644016239766617,1.6607583680810116,-0.003643255895650066,0.01809806562960148,0.03490900993347168,0.39916151762008667,0.364252507686615,1023
mistral_7b_v0_1,full_transfer,selected,40,transfer,3.0,1.4927984481915935,1.4840991187072337,-0.008699329484359808,0.01981513947248459,0.03481243550777435,0.3970475196838379,0.36223506927490234,1023
mistral_7b_v0_1,full_transfer,selected,41,transfer,3.0,1.6921228015411167,1.7011902511760753,0.009067449634958535,0.016840288415551186,0.03433600440621376,0.362132728099823,0.32779672741889954,1023
mistral_7b_v0_1,full_transfer,selected,42,transfer,3.0,1.6934183219544232,1.6918059914925465,-0.0016123304618766987,0.016376201063394547,0.03485826402902603,0.38501039147377014,0.3501521348953247,1023
mistral_7b_v0_1,full_transfer,selected,43,transfer,3.0,1.9717784892778591,1.9864216764418376,0.0146431871639785,0.020321998745203018,0.03518190607428551,0.34620732069015503,0.3110254108905792,1023
mistral_7b_v0_1,full_transfer,selected,44,transfer,3.0,1.9952283991630009,1.9813777740866325,-0.013850625076368361,0.017290670424699783,0.03471928834915161,0.3765553832054138,0.3418360948562622,1023
mistral_7b_v0_1,full_transfer,selected,45,transfer,3.0,1.5472770086831011,1.5428541972140764,-0.00442281146902479,0.020387062802910805,0.03509768098592758,0.3765242099761963,0.3414265215396881,1023
mistral_7b_v0_1,full_transfer,selected,46,transfer,3.0,1.8602829501542644,1.8591773964442815,-0.0011055537099828872,0.014990816824138165,0.035416409373283386,0.3991953134536743,0.36377888917922974,1023
mistral_7b_v0_1,full_transfer,selected,47,transfer,3.0,2.0863186266648337,2.0856370375885875,-0.0006815890762461585,0.023770447820425034,0.03571713715791702,0.3885996341705322,0.3528825044631958,1023
mistral_7b_v0_1,full_transfer,selected,48,transfer,3.0,2.130396390823558,2.11724764021261,-0.013148750610948223,0.028967687860131264,0.03557388111948967,0.42396241426467896,0.3883885443210602,1023
mistral_7b_v0_1,full_transfer,selected,49,transfer,3.0,1.6263520808513563,1.6143860877550709,-0.011965993096285432,0.018722712993621826,0.03553745895624161,0.3825942277908325,0.3470567762851715,1023
mistral_7b_v0_1,full_transfer,selected,50,transfer,3.0,2.116236711876833,2.100265428351051,-0.01597128352578192,0.02163345366716385,0.03505374491214752,0.3930894136428833,0.358035683631897,1023
mistral_7b_v0_1,full_transfer,selected,51,transfer,3.0,1.703028346086877,1.7093456935789344,0.006317347492057479,0.02675696276128292,0.03502475842833519,0.38392898440361023,0.34890422224998474,1023
mistral_7b_v0_1,full_transfer,selected,52,transfer,3.0,1.6471090456607405,1.6417171892182918,-0.0053918564424486615,0.019652623683214188,0.034519463777542114,0.3678397834300995,0.3333203196525574,1023
mistral_7b_v0_1,full_transfer,selected,53,transfer,3.0,1.7627420882209188,1.7606611652691226,-0.0020809229517961825,0.016915524378418922,0.034507185220718384,0.3503574728965759,0.31585028767585754,1023
mistral_7b_v0_1,full_transfer,selected,54,transfer,3.0,1.6718951660633554,1.6725281895314028,0.000633023468047389,0.015243344008922577,0.035583049058914185,0.40774768590927124,0.37216463685035706,1023
mistral_7b_v0_1,full_transfer,selected,55,transfer,3.0,1.574251683925953,1.5647127779814272,-0.009538905944525888,0.016804706305265427,0.03465086221694946,0.4030517339706421,0.3684008717536926,1023
mistral_7b_v0_1,full_transfer,selected,56,transfer,3.0,1.6082153916941593,1.5983149285190617,-0.009900463175097629,0.016221309080719948,0.03510791063308716,0.3751809298992157,0.34007301926612854,1023
mistral_7b_v0_1,full_transfer,selected,57,transfer,3.0,1.6215352555290812,1.6130169433116446,-0.008518312217436597,0.023008039221167564,0.03481868654489517,0.4221189320087433,0.3873002529144287,1023
mistral_7b_v0_1,full_transfer,selected,58,transfer,3.0,2.12489499327957,2.113860457523827,-0.01103453575574287,0.016931332647800446,0.03428076207637787,0.3747881352901459,0.3405073881149292,1023
mistral_7b_v0_1,full_transfer,selected,59,transfer,3.0,2.1360152049731185,2.1400672711235336,0.00405206615041509,0.020688703283667564,0.03456404060125351,0.3780330419540405,0.3434689939022064,1023
mistral_7b_v0_1,full_transfer,selected,60,transfer,3.0,1.8172855619577835,1.81746896574108,0.00018340378329662066,0.017454467713832855,0.035090163350105286,0.4128270745277405,0.3777369260787964,1023
mistral_7b_v0_1,full_transfer,selected,61,transfer,3.0,1.8991323342421187,1.9008058788489737,0.001673544606854982,0.0191379152238369,0.035117290914058685,0.4221998453140259,0.3870825469493866,1023
mistral_7b_v0_1,full_transfer,selected,62,transfer,3.0,1.7430402023002198,1.7392002974554008,-0.0038399048448189976,0.018346911296248436,0.035073816776275635,0.37724822759628296,0.3421744108200073,1023
mistral_7b_v0_1,full_transfer,selected,63,transfer,3.0,1.696991414268695,1.6925727792033236,-0.004418635065371435,0.014920025132596493,0.034884389489889145,0.38102251291275024,0.3461381196975708,1023
mistral_7b_v0_1,random_dummy_add_only,layer_matched_random,0,add_only,3.0,1.3307267801502933,1.3139352509469697,-0.016791529203323607,0.014101201668381691,0.4794759154319763,0.002272312995046377,-0.4772036075592041,1023
mistral_7b_v0_1,random_dummy_add_only,layer_matched_random,1,add_only,3.0,1.5168535786290323,1.5088916827040566,-0.007961895924975648,0.010437577031552792,0.4731726050376892,0.0020766493398696184,-0.4710959494113922,1023
mistral_7b_v0_1,random_dummy_add_only,layer_matched_random,2,add_only,3.0,1.3922991412359482,1.388580948726173,-0.00371819250977512,0.010006245225667953,0.4600447118282318,0.0020566019229590893,-0.45798811316490173,1023
mistral_7b_v0_1,random_dummy_add_only,layer_matched_random,3,add_only,3.0,1.4238503196022727,1.4104275969116569,-0.01342272269061584,0.011145683005452156,0.48348820209503174,0.002084772102534771,-0.4814034402370453,1023
mistral_7b_v0_1,random_dummy_add_only,layer_matched_random,4,add_only,3.0,1.2752956416483383,1.2801257121364857,0.004830070488147431,0.013882706873118877,0.4525173604488373,0.0021044884342700243,-0.4504128694534302,1023
mistral_7b_v0_1,random_dummy_add_only,layer_matched_random,5,add_only,3.0,1.6004866584188662,1.5906983615133188,-0.009788296905547389,0.009259495884180069,0.4651373624801636,0.0020880885422229767,-0.4630492627620697,1023
mistral_7b_v0_1,random_dummy_add_only,layer_matched_random,6,add_only,3.0,1.709173148445137,1.7002570039482527,-0.00891614449688416,0.013431143946945667,0.45093950629234314,0.001961948350071907,-0.4489775598049164,1023
mistral_7b_v0_1,random_dummy_add_only,layer_matched_random,7,add_only,3.0,1.4225533672791422,1.4176907208424976,-0.00486264643664458,0.010799993760883808,0.4902932047843933,0.0020181615836918354,-0.48827505111694336,1023
mistral_7b_v0_1,random_dummy_add_only,layer_matched_random,8,add_only,3.0,1.6034390178244136,1.588646912038734,-0.014792105785679466,0.008363290689885616,0.48437929153442383,0.001956343650817871,-0.48242294788360596,1023
mistral_7b_v0_1,random_dummy_add_only,layer_matched_random,9,add_only,3.0,1.6139312177342986,1.6159372040719697,0.0020059863376711284,0.012073499150574207,0.4716203212738037,0.0020236291456967592,-0.4695966839790344,1023
mistral_7b_v0_1,random_dummy_add_only,layer_matched_random,10,add_only,3.0,1.7376791319189884,1.7327825969498412,-0.004896534969147215,0.009673485532402992,0.4746023714542389,0.002017863793298602,-0.4725845158100128,1023
mistral_7b_v0_1,random_dummy_add_only,layer_matched_random,11,add_only,3.0,2.088012337335044,2.083595372831134,-0.004416964503910048,0.008081258274614811,0.4344152808189392,0.0020614820532500744,-0.43235379457473755,1023
mistral_7b_v0_1,random_dummy_add_only,layer_matched_random,12,add_only,3.0,1.8277651133308896,1.818187307169477,-0.009577806161412683,0.011103768832981586,0.5046331286430359,0.002190905623137951,-0.5024422407150269,1023
mistral_7b_v0_1,random_dummy_add_only,layer_matched_random,13,add_only,3.0,2.1792175949260755,2.1758251619012707,-0.003392433024804742,0.008636685088276863,0.4752497375011444,0.002009005518630147,-0.4732407331466675,1023
mistral_7b_v0_1,random_dummy_add_only,layer_matched_random,14,add_only,3.0,2.0743574066012953,2.0630037936064274,-0.011353612994867923,0.009938264265656471,0.45430678129196167,0.0021902751177549362,-0.4521165192127228,1023
mistral_7b_v0_1,random_dummy_add_only,layer_matched_random,15,add_only,3.0,2.078677717192082,2.064459329942571,-0.014218387249511188,0.009106826037168503,0.4565034508705139,0.0019560763612389565,-0.45454737544059753,1023
mistral_7b_v0_1,random_dummy_add_only,layer_matched_random,16,add_only,3.0,2.0393445862353374,2.0313931909824046,-0.007951395252932869,0.00941391009837389,0.46985509991645813,0.002013674471527338,-0.46784141659736633,1023
mistral_7b_v0_1,random_dummy_add_only,layer_matched_random,17,add_only,3.0,1.91794810663337,1.9091596407624634,-0.008788465870906537,0.010165704414248466,0.4261428117752075,0.002177861286327243,-0.4239649474620819,1023
mistral_7b_v0_1,random_dummy_add_only,layer_matched_random,18,add_only,3.0,1.8863266453598484,1.8734813403057795,-0.01284530505406889,0.011711959727108479,0.45348405838012695,0.0021663475781679153,-0.451317697763443,1023
mistral_7b_v0_1,random_dummy_add_only,layer_matched_random,19,add_only,3.0,1.9379689504673754,1.9295671002489614,-0.008401850218413998,0.012661505490541458,0.47782421112060547,0.0020217529963701963,-0.4758024513721466,1023
mistral_7b_v0_1,random_dummy_add_only,layer_matched_random,20,add_only,3.0,2.073961483534946,2.061184790826613,-0.012776692708333037,0.011990797705948353,0.4866970181465149,0.002181993331760168,-0.4845150113105774,1023
mistral_7b_v0_1,random_dummy_add_only,layer_matched_random,21,add_only,3.0,1.3767259286412512,1.3641380093780548,-0.012587919263196357,0.012138103134930134,0.4579683542251587,0.0020900315139442682,-0.4558783173561096,1023
mistral_7b_v0_1,random_dummy_add_only,layer_matched_random,22,add_only,3.0,1.6520424523078567,1.6229812457997312,-0.029061206508125492,0.01865154504776001,0.4769849479198456,0.002020632615312934,-0.47496432065963745,1023
mistral_7b_v0_1,random_dummy_add_only,layer_matched_random,23,add_only,3.0,1.134136777935606,1.1193856009057308,-0.014751177029875162,0.009977046400308609,0.45794355869293213,0.0020654674153774977,-0.4558780789375305,1023
mistral_7b_v0_1,random_dummy_add_only,layer_matched_random,24,add_only,3.0,1.5055309903470186,1.4844893141342863,-0.02104167621273234,0.016423191875219345,0.4530118703842163,0.0020885756239295006,-0.45092329382896423,1023
mistral_7b_v0_1,random_dummy_add_only,layer_matched_random,25,add_only,3.0,1.6836552027966154,1.6687195480510753,-0.01493565474554015,0.01217122096568346,0.4729349613189697,0.002105488209053874,-0.47082948684692383,1023
mistral_7b_v0_1,random_dummy_add_only,layer_matched_random,26,add_only,3.0,1.8440038060163124,1.837504128673326,-0.0064996773429863985,0.01048754621297121,0.49383801221847534,0.0020940748509019613,-0.49174395203590393,1023
mistral_7b_v0_1,random_dummy_add_only,layer_matched_random,27,add_only,3.0,1.81068958867913,1.7944030463404204,-0.016286542338709742,0.01092612836509943,0.4391051232814789,0.002020439365878701,-0.4370846748352051,1023
mistral_7b_v0_1,random_dummy_add_only,layer_matched_random,28,add_only,3.0,1.8268424861009287,1.8112277481213344,-0.01561473797959434,0.011092540808022022,0.4601189196109772,0.002122604288160801,-0.45799630880355835,1023
mistral_7b_v0_1,random_dummy_add_only,layer_matched_random,29,add_only,3.0,1.9317128171202957,1.9263874251588464,-0.005325391961449322,0.008634215220808983,0.4648457169532776,0.002020697109401226,-0.4628250300884247,1023
mistral_7b_v0_1,random_dummy_add_only,layer_matched_random,30,add_only,3.0,1.8848595344192938,1.876627842818304,-0.008231691600989688,0.011311165988445282,0.4545970857143402,0.0021016490645706654,-0.45249542593955994,1023
mistral_7b_v0_1,random_dummy_add_only,layer_matched_random,31,add_only,3.0,2.0926388379765397,2.088850959188661,-0.0037878787878788955,0.010778958909213543,0.44001227617263794,0.0020934774074703455,-0.4379188120365143,1023
mistral_7b_v0_1,random_dummy_add_only,layer_matched_random,32,add_only,3.0,1.930723844735154,1.9186543961540812,-0.01206944858107284,0.00872613675892353,0.42571574449539185,0.0020383195951581,-0.4236774146556854,1023
mistral_7b_v0_1,random_dummy_add_only,layer_matched_random,33,add_only,3.0,1.9509488550449048,1.9402776664070136,-0.010671188637891182,0.011078445240855217,0.4341365694999695,0.0020828975830227137,-0.43205368518829346,1023
mistral_7b_v0_1,random_dummy_add_only,layer_matched_random,34,add_only,3.0,2.2928059895833335,2.285743810331134,-0.007062179252199652,0.007822509855031967,0.43389594554901123,0.0019259178079664707,-0.4319700300693512,1023
mistral_7b_v0_1,random_dummy_add_only,layer_matched_random,35,add_only,3.0,2.1693985119593107,2.158275913749389,-0.011122598209921453,0.014711775816977024,0.4541794955730438,0.0019693798385560513,-0.45221012830734253,1023
mistral_7b_v0_1,random_dummy_add_only,layer_matched_random,36,add_only,3.0,2.079956889968231,2.0708976738147604,-0.009059216153470384,0.00823245383799076,0.4558198153972626,0.00205156859010458,-0.453768253326416,1023
mistral_7b_v0_1,random_dummy_add_only,layer_matched_random,37,add_only,3.0,2.0139009805718473,2.0020500175647604,-0.011850963007086879,0.010285651311278343,0.4805285930633545,0.0021254029124975204,-0.4784031808376312,1023
mistral_7b_v0_1,random_dummy_add_only,layer_matched_random,38,add_only,3.0,1.820633009148949,1.8056225371151027,-0.015010472033846423,0.009902953170239925,0.439699649810791,0.0020696688443422318,-0.43762996792793274,1023
mistral_7b_v0_1,random_dummy_add_only,layer_matched_random,39,add_only,3.0,1.6644016239766617,1.6486847430962854,-0.01571688088037626,0.017040230333805084,0.4801884889602661,0.0021672311704605818,-0.4780212640762329,1023
mistral_7b_v0_1,random_dummy_add_only,layer_matched_random,40,add_only,3.0,1.4927984481915935,1.487736050334494,-0.005062397857099388,0.012491597793996334,0.47260281443595886,0.0022157856728881598,-0.4703870415687561,1023
mistral_7b_v0_1,random_dummy_add_only,layer_matched_random,41,add_only,3.0,1.6921228015411167,1.6857516381048387,-0.006371163436277971,0.011598983779549599,0.4439489245414734,0.0022387090139091015,-0.4417102038860321,1023
mistral_7b_v0_1,random_dummy_add_only,layer_matched_random,42,add_only,3.0,1.6934183219544232,1.6877386516373412,-0.005679670317082053,0.009291191585361958,0.4690684974193573,0.002152242697775364,-0.4669162631034851,1023
mistral_7b_v0_1,random_dummy_add_only,layer_matched_random,43,add_only,3.0,1.9717784892778591,1.9732528790933528,0.0014743898154936375,0.015887897461652756,0.4338182806968689,0.002204434247687459,-0.43161383271217346,1023
mistral_7b_v0_1,random_dummy_add_only,layer_matched_random,44,add_only,3.0,1.9952283991630009,1.9814119012707723,-0.013816497892228607,0.00929262861609459,0.45606935024261475,0.0020799245685338974,-0.4539894163608551,1023
mistral_7b_v0_1,random_dummy_add_only,layer_matched_random,45,add_only,3.0,1.5472770086831011,1.5398020814241202,-0.007474927258980912,0.011187359690666199,0.46659180521965027,0.0020379696507006884,-0.4645538330078125,1023
mistral_7b_v0_1,random_dummy_add_only,layer_matched_random,46,add_only,3.0,1.8602829501542644,1.8514202636241446,-0.00886268653011979,0.00880899466574192,0.4782114624977112,0.0020680928137153387,-0.47614336013793945,1023
mistral_7b_v0_1,random_dummy_add_only,layer_matched_random,47,add_only,3.0,2.0863186266648337,2.0764625526942817,-0.009856073970551993,0.012434286996722221,0.4658759832382202,0.002051364630460739,-0.46382462978363037,1023
mistral_7b_v0_1,random_dummy_add_only,layer_matched_random,48,add_only,3.0,2.130396390823558,2.124270441944648,-0.006125948878910048,0.01627616211771965,0.49976062774658203,0.0021371161565184593,-0.4976235032081604,1023
mistral_7b_v0_1,random_dummy_add_only,layer_matched_random,49,add_only,3.0,1.6263520808513563,1.6183548644840542,-0.007997216367302107,0.013325577601790428,0.46779096126556396,0.0022910076659172773,-0.46549996733665466,1023
mistral_7b_v0_1,random_dummy_add_only,layer_matched_random,50,add_only,3.0,2.116236711876833,2.105095260187561,-0.011141451689271609,0.012502051889896393,0.47459614276885986,0.002200668677687645,-0.47239547967910767,1023
mistral_7b_v0_1,random_dummy_add_only,layer_matched_random,51,add_only,3.0,1.703028346086877,1.694550365996151,-0.008477980090725978,0.01469847559928894,0.4632967710494995,0.0021027822513133287,-0.4611939787864685,1023
mistral_7b_v0_1,random_dummy_add_only,layer_matched_random,52,add_only,3.0,1.6471090456607405,1.6345773288581378,-0.012531716802602677,0.01145942509174347,0.45086419582366943,0.002301518339663744,-0.4485626816749573,1023
mistral_7b_v0_1,random_dummy_add_only,layer_matched_random,53,add_only,3.0,1.7627420882209188,1.7574613241156525,-0.0052807641052663445,0.01077402476221323,0.43294206261634827,0.0021363941486924887,-0.43080568313598633,1023
mistral_7b_v0_1,random_dummy_add_only,layer_matched_random,54,add_only,3.0,1.6718951660633554,1.6568577263944892,-0.01503743966886617,0.012173229828476906,0.4827501177787781,0.0023795380257070065,-0.48037058115005493,1023
mistral_7b_v0_1,random_dummy_add_only,layer_matched_random,55,add_only,3.0,1.574251683925953,1.565319549769367,-0.008932134156586002,0.009102399460971355,0.48342251777648926,0.002028527669608593,-0.4813939929008484,1023
mistral_7b_v0_1,random_dummy_add_only,layer_matched_random,56,add_only,3.0,1.6082153916941593,1.589762608443304,-0.018452783250855198,0.010402189567685127,0.4598938226699829,0.0022124629467725754,-0.4576813578605652,1023
mistral_7b_v0_1,random_dummy_add_only,layer_matched_random,57,add_only,3.0,1.6215352555290812,1.6118723700589566,-0.009662885470124616,0.01255414355546236,0.5023356676101685,0.0021257500629872084,-0.5002099275588989,1023
mistral_7b_v0_1,random_dummy_add_only,layer_matched_random,58,add_only,3.0,2.12489499327957,2.1325619157807916,0.007666922501221585,0.014049749821424484,0.45704975724220276,0.0020339852198958397,-0.45501577854156494,1023
mistral_7b_v0_1,random_dummy_add_only,layer_matched_random,59,add_only,3.0,2.1360152049731185,2.129864913627199,-0.006150291345919268,0.011804332956671715,0.46306735277175903,0.00211118021979928,-0.4609561860561371,1023
mistral_7b_v0_1,random_dummy_add_only,layer_matched_random,60,add_only,3.0,1.8172855619577835,1.800785665055291,-0.01649989690249254,0.012629838660359383,0.4957590699195862,0.002165313810110092,-0.4935937523841858,1023
mistral_7b_v0_1,random_dummy_add_only,layer_matched_random,61,add_only,3.0,1.8991323342421187,1.8938444105877321,-0.005287923654386573,0.013871637172996998,0.5049666166305542,0.002201385097578168,-0.5027652382850647,1023
mistral_7b_v0_1,random_dummy_add_only,layer_matched_random,62,add_only,3.0,1.7430402023002198,1.7365522188874634,-0.006487983412756471,0.01266761589795351,0.4672425389289856,0.002197833964601159,-0.46504470705986023,1023
mistral_7b_v0_1,random_dummy_add_only,layer_matched_random,63,add_only,3.0,1.696991414268695,1.6838013769244868,-0.013190037344208205,0.008855468593537807,0.469598650932312,0.0021251386497169733,-0.46747350692749023,1023
mistral_7b_v0_1,random_full_transfer,layer_matched_random,0,transfer,3.0,1.3307267801502933,1.3147545420179618,-0.015972238132331507,0.014125652611255646,0.4795660078525543,0.0022669450845569372,-0.4772990643978119,1023
mistral_7b_v0_1,random_full_transfer,layer_matched_random,1,transfer,3.0,1.5168535786290323,1.5079681008675465,-0.008885477761485738,0.010398776270449162,0.4733693599700928,0.002073064912110567,-0.4712962806224823,1023
mistral_7b_v0_1,random_full_transfer,layer_matched_random,2,transfer,3.0,1.3922991412359482,1.38983422779967,-0.0024649134362781933,0.010110089555382729,0.4601120948791504,0.002053671283647418,-0.4580584168434143,1023
mistral_7b_v0_1,random_full_transfer,layer_matched_random,3,transfer,3.0,1.4238503196022727,1.410389173998045,-0.013461145604227731,0.01114628929644823,0.483517587184906,0.002081836573779583,-0.48143574595451355,1023
mistral_7b_v0_1,random_full_transfer,layer_matched_random,4,transfer,3.0,1.2752956416483383,1.280631295630193,0.00533565398185476,0.0137822600081563,0.45255130529403687,0.0021013759542256594,-0.45044994354248047,1023
mistral_7b_v0_1,random_full_transfer,layer_matched_random,5,transfer,3.0,1.6004866584188662,1.5900771513013197,-0.010409507117546513,0.009259737096726894,0.4652425944805145,0.0020852130837738514,-0.46315738558769226,1023
mistral_7b_v0_1,random_full_transfer,layer_matched_random,6,transfer,3.0,1.709173148445137,1.7010487307551319,-0.008124417690005048,0.013408421538770199,0.45104795694351196,0.0019586978014558554,-0.44908925890922546,1023
mistral_7b_v0_1,random_full_transfer,layer_matched_random,7,transfer,3.0,1.4225533672791422,1.4163566581897604,-0.006196709089381747,0.01069337036460638,0.49032390117645264,0.0020162679720669985,-0.4883076250553131,1023
mistral_7b_v0_1,random_full_transfer,layer_matched_random,8,transfer,3.0,1.6034390178244136,1.589751749793805,-0.013687268030608601,0.008407915942370892,0.4844333529472351,0.0019537475891411304,-0.48247960209846497,1023
mistral_7b_v0_1,random_full_transfer,layer_matched_random,9,transfer,3.0,1.6139312177342986,1.615825515105694,0.0018942973713953482,0.011853673495352268,0.47163066267967224,0.0020231895614415407,-0.46960747241973877,1023
mistral_7b_v0_1,random_full_transfer,layer_matched_random,10,transfer,3.0,1.7376791319189884,1.732808013349218,-0.004871118569770294,0.009637847542762756,0.47459855675697327,0.0020150223281234503,-0.472583532333374,1023
mistral_7b_v0_1,random_full_transfer,layer_matched_random,11,transfer,3.0,2.088012337335044,2.084020650048876,-0.003991687286168055,0.008093868382275105,0.43442603945732117,0.002058647107332945,-0.43236738443374634,1023
mistral_7b_v0_1,random_full_transfer,layer_matched_random,12,transfer,3.0,1.8277651133308896,1.817397012272422,-0.010368101058467749,0.010986405424773693,0.5048156976699829,0.0021863363217562437,-0.5026293396949768,1023
mistral_7b_v0_1,random_full_transfer,layer_matched_random,13,transfer,3.0,2.1792175949260755,2.1762585532746823,-0.0029590416513931572,0.008651760406792164,0.4753420054912567,0.002005347516387701,-0.47333666682243347,1023
mistral_7b_v0_1,random_full_transfer,layer_matched_random,14,transfer,3.0,2.0743574066012953,2.0628656143084068,-0.011491792292888547,0.009913638234138489,0.4544147253036499,0.0021864932496100664,-0.45222821831703186,1023
mistral_7b_v0_1,random_full_transfer,layer_matched_random,15,transfer,3.0,2.078677717192082,2.063655073924731,-0.015022643267351032,0.009116293862462044,0.4565914273262024,0.0019524163799360394,-0.4546390175819397,1023
mistral_7b_v0_1,random_full_transfer,layer_matched_random,16,transfer,3.0,2.0393445862353374,2.0310512031860948,-0.008293383049242653,0.009379561059176922,0.4700453281402588,0.002011300530284643,-0.468034029006958,1023
mistral_7b_v0_1,random_full_transfer,layer_matched_random,17,transfer,3.0,1.91794810663337,1.9105442975623168,-0.007403809071053091,0.010142210870981216,0.42617571353912354,0.0021739420481026173,-0.4240017831325531,1023
mistral_7b_v0_1,random_full_transfer,layer_matched_random,18,transfer,3.0,1.8863266453598484,1.8745680405364125,-0.011758604823435936,0.011690549552440643,0.45352494716644287,0.002163439989089966,-0.4513615071773529,1023
mistral_7b_v0_1,random_full_transfer,layer_matched_random,19,transfer,3.0,1.9379689504673754,1.929053999228678,-0.008914951238697455,0.012332510203123093,0.4779233932495117,0.00201878952793777,-0.4759046137332916,1023
mistral_7b_v0_1,random_full_transfer,layer_matched_random,20,transfer,3.0,2.073961483534946,2.061737508018695,-0.012223975516250984,0.011961648240685463,0.48681581020355225,0.0021767793223261833,-0.4846390187740326,1023
mistral_7b_v0_1,random_full_transfer,layer_matched_random,21,transfer,3.0,1.3767259286412512,1.3641726138654693,-0.01255331477578192,0.012169918976724148,0.4580039381980896,0.0020868442952632904,-0.455917090177536,1023
mistral_7b_v0_1,random_full_transfer,layer_matched_random,22,transfer,3.0,1.6520424523078567,1.6224690993859971,-0.029573352921859586,0.018625404685735703,0.4771423935890198,0.0020165930036455393,-0.475125789642334,1023
mistral_7b_v0_1,random_full_transfer,layer_matched_random,23,transfer,3.0,1.134136777935606,1.119837845758492,-0.014298932177113866,0.009958937764167786,0.4581276774406433,0.0020618969574570656,-0.4560657739639282,1023
mistral_7b_v0_1,random_full_transfer,layer_matched_random,24,transfer,3.0,1.5055309903470186,1.4848360749633431,-0.020694915383675516,0.016512392088770866,0.45307958126068115,0.002085194457322359,-0.4509943723678589,1023
mistral_7b_v0_1,random_full_transfer,layer_matched_random,25,transfer,3.0,1.6836552027966154,1.6691491209982894,-0.01450608179832602,0.012121003121137619,0.4729631543159485,0.0021023370791226625,-0.4708608090877533,1023
mistral_7b_v0_1,random_full_transfer,layer_matched_random,26,transfer,3.0,1.8440038060163124,1.8371225247052174,-0.006881281311095,0.010464967228472233,0.49392345547676086,0.0020899097435176373,-0.49183353781700134,1023
mistral_7b_v0_1,random_full_transfer,layer_matched_random,27,transfer,3.0,1.81068958867913,1.7962416185544965,-0.014447970124633613,0.01094065047800541,0.43922778964042664,0.002016897778958082,-0.43721088767051697,1023
mistral_7b_v0_1,random_full_transfer,layer_matched_random,28,transfer,3.0,1.8268424861009287,1.8112754784488025,-0.015567007652126152,0.011108034290373325,0.46013063192367554,0.002118111355230212,-0.45801252126693726,1023
mistral_7b_v0_1,random_full_transfer,layer_matched_random,29,transfer,3.0,1.9317128171202957,1.9253225615530303,-0.006390255567265468,0.008643485605716705,0.46487414836883545,0.00201694224961102,-0.4628572165966034,1023
mistral_7b_v0_1,random_full_transfer,layer_matched_random,30,transfer,3.0,1.8848595344192938,1.8757710834402492,-0.009088450979044538,0.011299758218228817,0.4546491503715515,0.00209831609390676,-0.45255082845687866,1023
mistral_7b_v0_1,random_full_transfer,layer_matched_random,31,transfer,3.0,2.0926388379765397,2.0881206851783967,-0.004518152798143049,0.010781691409647465,0.4400516748428345,0.0020906988065689802,-0.43796098232269287,1023
mistral_7b_v0_1,random_full_transfer,layer_matched_random,32,transfer,3.0,1.930723844735154,1.9196562557276393,-0.0110675890075147,0.00876570399850607,0.4257798194885254,0.0020347225945442915,-0.4237450957298279,1023
mistral_7b_v0_1,random_full_transfer,layer_matched_random,33,transfer,3.0,1.9509488550449048,1.9407171433971775,-0.010231711647727293,0.011070645414292812,0.4341844320297241,0.002079923637211323,-0.4321044981479645,1023
mistral_7b_v0_1,random_full_transfer,layer_matched_random,34,transfer,3.0,2.2928059895833335,2.286677892839687,-0.0061280967436463385,0.00787300057709217,0.4338778555393219,0.001922719064168632,-0.43195512890815735,1023
mistral_7b_v0_1,random_full_transfer,layer_matched_random,35,transfer,3.0,2.1693985119593107,2.15988967612109,-0.009508835838220708,0.014724573120474815,0.4542142450809479,0.0019663083367049694,-0.4522479474544525,1023
mistral_7b_v0_1,random_full_transfer,layer_matched_random,36,transfer,3.0,2.079956889968231,2.069600363514174,-0.010356526454056603,0.008292763493955135,0.45593124628067017,0.002046417910605669,-0.4538848400115967,1023
mistral_7b_v0_1,random_full_transfer,layer_matched_random,37,transfer,3.0,2.0139009805718473,2.0014313131949537,-0.01246966737689359,0.010244910605251789,0.48057299852371216,0.0021195020526647568,-0.47845348715782166,1023
mistral_7b_v0_1,random_full_transfer,layer_matched_random,38,transfer,3.0,1.820633009148949,1.8051516774346286,-0.015481331714320534,0.009885169565677643,0.4397895336151123,0.0020667563658207655,-0.437722772359848,1023
mistral_7b_v0_1,random_full_transfer,layer_matched_random,39,transfer,3.0,1.6644016239766617,1.647563438378238,-0.01683818559842365,0.01709633134305477,0.48027515411376953,0.0021632446441799402,-0.4781119227409363,1023
mistral_7b_v0_1,random_full_transfer,layer_matched_random,40,transfer,3.0,1.4927984481915935,1.4878399831225562,-0.004958465069037299,0.012513408437371254,0.47264528274536133,0.002212824299931526,-0.47043246030807495,1023
mistral_7b_v0_1,random_full_transfer,layer_matched_random,41,transfer,3.0,1.6921228015411167,1.6851720726035557,-0.00695072893756099,0.011525202542543411,0.44398945569992065,0.0022362691815942526,-0.44175317883491516,1023
mistral_7b_v0_1,random_full_transfer,layer_matched_random,42,transfer,3.0,1.6934183219544232,1.688233137829912,-0.0051851841245111885,0.00931517779827118,0.4691726565361023,0.0021496049594134092,-0.4670230448246002,1023
mistral_7b_v0_1,random_full_transfer,layer_matched_random,43,transfer,3.0,1.9717784892778591,1.9741492546432062,0.002370765365347083,0.015805702656507492,0.43387776613235474,0.0022013173438608646,-0.43167644739151,1023
mistral_7b_v0_1,random_full_transfer,layer_matched_random,44,transfer,3.0,1.9952283991630009,1.9834366217619745,-0.011791777401026327,0.009273730218410492,0.4561772346496582,0.0020759333856403828,-0.4541012942790985,1023
mistral_7b_v0_1,random_full_transfer,layer_matched_random,45,transfer,3.0,1.5472770086831011,1.539551497204912,-0.007725511478189118,0.011127689853310585,0.466685026884079,0.0020343298092484474,-0.4646506905555725,1023
mistral_7b_v0_1,random_full_transfer,layer_matched_random,46,transfer,3.0,1.8602829501542644,1.851927279027676,-0.008355671126588415,0.00873870961368084,0.47826528549194336,0.00206523179076612,-0.47620004415512085,1023
mistral_7b_v0_1,random_full_transfer,layer_matched_random,47,transfer,3.0,2.0863186266648337,2.076809790826613,-0.009508835838220708,0.012408451177179813,0.4659122824668884,0.0020485147833824158,-0.4638637602329254,1023
mistral_7b_v0_1,random_full_transfer,layer_matched_random,48,transfer,3.0,2.130396390823558,2.1238153332722387,-0.006581057551319436,0.016254371032118797,0.499807745218277,0.002135635819286108,-0.49767211079597473,1023
mistral_7b_v0_1,random_full_transfer,layer_matched_random,49,transfer,3.0,1.6263520808513563,1.6182171624893085,-0.008134918362047827,0.01335738692432642,0.4678648114204407,0.002286625560373068,-0.46557819843292236,1023
mistral_7b_v0_1,random_full_transfer,layer_matched_random,50,transfer,3.0,2.116236711876833,2.105486171569526,-0.01075054030730671,0.01256779208779335,0.4746328592300415,0.0021966940257698298,-0.47243615984916687,1023
mistral_7b_v0_1,random_full_transfer,layer_matched_random,51,transfer,3.0,1.703028346086877,1.6948677726738148,-0.008160573413062089,0.014681654050946236,0.4632449150085449,0.0020991931669414043,-0.4611457288265228,1023
mistral_7b_v0_1,random_full_transfer,layer_matched_random,52,transfer,3.0,1.6471090456607405,1.6333683196633675,-0.013740725997372971,0.011367496103048325,0.4508986175060272,0.0022972128354012966,-0.4486013948917389,1023
mistral_7b_v0_1,random_full_transfer,layer_matched_random,53,transfer,3.0,1.7627420882209188,1.7579323031219452,-0.0048097850989736735,0.010779100470244884,0.43299102783203125,0.0021313284523785114,-0.43085968494415283,1023
mistral_7b_v0_1,random_full_transfer,layer_matched_random,54,transfer,3.0,1.6718951660633554,1.6577926441837731,-0.014102521879582275,0.012238658033311367,0.48281237483024597,0.002373284427449107,-0.48043909668922424,1023
mistral_7b_v0_1,random_full_transfer,layer_matched_random,55,transfer,3.0,1.574251683925953,1.564497275552908,-0.009754408373044976,0.009166655130684376,0.483649343252182,0.0020257653668522835,-0.4816235899925232,1023
mistral_7b_v0_1,random_full_transfer,layer_matched_random,56,transfer,3.0,1.6082153916941593,1.5890156288184263,-0.019199762875732995,0.010329315438866615,0.4598919749259949,0.002209082245826721,-0.45768290758132935,1023
mistral_7b_v0_1,random_full_transfer,layer_matched_random,57,transfer,3.0,1.6215352555290812,1.6119352547653958,-0.00960000076368539,0.012564592063426971,0.5023379325866699,0.002121955854818225,-0.5002159476280212,1023
mistral_7b_v0_1,random_full_transfer,layer_matched_random,58,transfer,3.0,2.12489499327957,2.1325685980266376,0.007673604747067575,0.013848918490111828,0.4570215940475464,0.002030214061960578,-0.4549913704395294,1023
mistral_7b_v0_1,random_full_transfer,layer_matched_random,59,transfer,3.0,2.1360152049731185,2.129613613453079,-0.006401591520039496,0.011844929307699203,0.46311724185943604,0.0021089704241603613,-0.4610082805156708,1023
mistral_7b_v0_1,random_full_transfer,layer_matched_random,60,transfer,3.0,1.8172855619577835,1.801151875992791,-0.01613368596499254,0.012658101506531239,0.4959338903427124,0.0021620795596390963,-0.49377182126045227,1023
mistral_7b_v0_1,random_full_transfer,layer_matched_random,61,transfer,3.0,1.8991323342421187,1.8941113424440983,-0.005020991798020402,0.013819233514368534,0.5049852132797241,0.0021966202184557915,-0.5027886033058167,1023
mistral_7b_v0_1,random_full_transfer,layer_matched_random,62,transfer,3.0,1.7430402023002198,1.7359651358596042,-0.007075066440615618,0.012707067653536797,0.46741390228271484,0.0021945852786302567,-0.46521931886672974,1023
mistral_7b_v0_1,random_full_transfer,layer_matched_random,63,transfer,3.0,1.696991414268695,1.6842104258308896,-0.012780988437805396,0.008895344100892544,0.46973294019699097,0.0021221423521637917,-0.46761080622673035,1023
