seed,source_path,step,eval_split,selection_split,selection_examples,eval_examples,chunk_size,topk,random_controls,num_dummy_tokens,dummy_init,relocation_scale,relocation_fraction,preserve_original,selected_score_mass,selected_score_mean,selected_layers,zero_ppl_ratio,zero_mean_bos_retention,zero_max_head_bos_retention,random_zero_ppl_ratio_mean,random_zero_max_head_bos_retention,dummy_only_dummy_minus_bos_mean,dummy_only_dummy_attention_after_mean,dummy_only_bos_attention_after_mean,dummy_only_ppl_ratio,selected_dummy_minus_bos_mean,selected_dummy_minus_bos_max_layer,selected_dummy_attention_after_mean,selected_bos_attention_after_mean,selected_dummy_attention_after_max_head,selected_bos_attention_after_max_head,selected_relocation_lift_vs_dummy_only,selected_ppl_ratio,random_dummy_minus_bos_mean,random_dummy_minus_bos_std,random_dummy_attention_after_mean,random_bos_attention_after_mean,random_ppl_ratio_mean,random_ppl_ratio_std,selected_dummy_minus_bos_by_layer,random_dummy_minus_bos_values,clean_loss,clean_ppl,clean_mean_bos_attention,clean_max_head_bos_attention,clean_max_head_bos_layer,clean_max_head_bos_head,clean_qk_margin_at_max_head,clean_max_qk_margin
0,outputs/toy_pretrained_bridge/wikitext_pythia_tokenizer_10k_scale10_test512/toy_relocation_bridge_metrics.csv,0,test,train,512,512,32,32,5,1,zero,10.0,1.0,False,11.398269653320312,0.35619592666625977,0 0 1 0 3 0 0 1 1 3 0 0 0 0 0 3 0 0 2 1 0 1 0 1 1 0 0 2 2 0 2 2,0.999651871864973,1.0011651515960693,1.0001652240753174,0.9999799724907098,1.000030243396759,-0.0001992727629840374,0.031097374856472015,0.03129664435982704,0.9985124068196771,-0.0001801629550755024,-4.5880675315856934e-05,0.03112052008509636,0.031300682574510574,0.03180474787950516,0.03187434375286102,1.9109807908535004e-05,0.9953425982966833,3.987308591604233e-05,0.00021252001989094458,0.03128775283694267,0.031247880682349204,0.998752249913079,0.0008382747121048703,-0.000162706 -0.000309598 -4.58807e-05 -0.000202468,-0.000108637 -9.27541e-05 -0.000139302 0.000231517 0.000308541,10.83228368083323,50629.19579284849,0.03501255810260773,0.03575548157095909,1,0,-0.08206173032522202,-0.07394261658191681
0,outputs/toy_pretrained_bridge/wikitext_pythia_tokenizer_10k_scale10_test512/toy_relocation_bridge_metrics.csv,1000,test,train,512,512,32,32,5,1,zero,10.0,1.0,False,17.919401168823242,0.5599812865257263,2 0 1 0 0 3 3 3 2 0 1 1 0 1 0 1 3 3 3 0 0 0 0 2 0 1 1 1 1 1 2 3,1.0009560834772175,0.887684166431427,1.0,1.0000002830563233,1.0,-0.02263294719159603,0.016414733603596687,0.03904768452048302,1.0073410116787274,0.03146486356854439,0.08741118758916855,0.06051976978778839,0.029054908081889153,0.14073191583156586,0.07700572907924652,0.05409781076014042,1.0206822128443043,0.015765743143856526,0.013395534117202255,0.0491523802280426,0.03338663727045059,1.0252405421338808,0.011257613840263275,-0.0223618 0.0696514 0.0874112 -0.00884126,0.0291669 0.0147777 0.00782234 0.0287642 -0.00170243,6.062548870176781,429.468702939528,0.04024345427751541,0.07022718340158463,0,3,-0.0749867707490921,-0.0749867707490921
0,outputs/toy_pretrained_bridge/wikitext_pythia_tokenizer_10k_scale10_test512/toy_relocation_bridge_metrics.csv,2000,test,train,512,512,32,32,5,1,zero,10.0,1.0,False,17.751758575439453,0.5547424554824829,3 2 3 3 1 3 3 0 0 0 3 0 0 2 1 2 2 3 1 2 2 0 3 0 0 1 3 3 1 0 2 1,1.0021763216812667,0.8605976104736328,0.7902862429618835,1.0000574375087847,1.0096639752388001,-0.029267212375998497,0.01283886469900608,0.04210607707500458,1.0060163954886678,0.042997900396585464,0.1345934420824051,0.07347889244556427,0.030480992048978806,0.173028364777565,0.06890620291233063,0.07226511277258396,1.0645416094808058,0.023577865958213807,0.01617515322613903,0.05839490443468094,0.03481704220175743,1.0724042129086004,0.030136421297783766,-0.0343868 0.0657017 0.134593 0.00608332,-0.00431966 0.033465 0.0271436 0.0256293 0.0359711,5.772852679875892,321.45342966098667,0.043091680854558945,0.08429557830095291,3,3,-0.39132019877433777,0.27975791692733765
0,outputs/toy_pretrained_bridge/wikitext_pythia_tokenizer_10k_scale10_test512/toy_relocation_bridge_metrics.csv,3000,test,train,512,512,32,32,5,1,zero,10.0,1.0,False,19.97604751586914,0.6242514848709106,3 3 3 2 3 3 3 1 3 3 3 0 3 0 2 3 0 0 3 2 3 0 3 3 0 1 0 3 0 3 1 3,1.0027474357464612,0.8112414479255676,0.752173900604248,1.000142912113343,0.9637319922447205,-0.03833620250225067,0.01013500802218914,0.04847121238708496,1.0065923597878215,0.05303936451673508,0.12264222651720047,0.08207706362009048,0.029037704691290855,0.1512349247932434,0.07707984745502472,0.09137556701898575,1.100312060456678,-0.01084288563579321,0.009212682990847603,0.03247752785682678,0.04332041516900063,1.0600003378108471,0.027933124547752715,-0.0490441 0.08707 0.122642 0.0514893,0.000927437 -0.00809405 -0.0185273 -0.00681076 -0.0217098,5.672249861589567,290.6878065607255,0.04934677109122276,0.10805904120206833,3,3,-0.5309156775474548,0.4805486798286438
0,outputs/toy_pretrained_bridge/wikitext_pythia_tokenizer_10k_scale10_test512/toy_relocation_bridge_metrics.csv,4000,test,train,512,512,32,32,5,1,zero,10.0,1.0,False,22.126811981201172,0.6914628744125366,3 3 3 3 2 3 3 1 3 3 3 0 3 3 0 2 3 0 0 3 0 2 3 3 3 0 0 1 1 3 3 0,1.002157568088643,0.8217675685882568,0.718461275100708,0.9999703128505008,0.9851179957389832,-0.04615645110607147,0.010118653997778893,0.056275106966495514,1.005812929350684,0.04540470242500305,0.0998210459947586,0.07934939861297607,0.03394469618797302,0.15208317339420319,0.08869212120771408,0.09156115353107452,1.0929017739882578,-0.014296804368495942,0.012587205610196512,0.03590335063636303,0.050200155377388,1.061961502446915,0.01871147997100266,-0.0612518 0.0966802 0.099821 0.0463694,-0.0132851 -0.0169608 -0.0145276 0.00430549 -0.031016,5.682010800819698,293.5390855176652,0.05719781666994095,0.12898200750350952,3,2,-1.0642921924591064,0.6728005409240723
0,outputs/toy_pretrained_bridge/wikitext_pythia_tokenizer_10k_scale10_test512/toy_relocation_bridge_metrics.csv,5000,test,train,512,512,32,32,5,1,zero,10.0,1.0,False,23.273109436035156,0.7272846698760986,3 3 3 3 2 3 3 3 1 0 3 2 2 3 0 3 0 0 3 3 3 2 3 0 3 0 3 3 0 0 0 0,1.0051354991683445,0.8390874862670898,0.7403336763381958,1.0001069878072215,0.997640335559845,-0.05268611013889313,0.008136849850416183,0.06082295626401901,1.0015230715291805,0.02372894249856472,0.06920819729566574,0.05999162420630455,0.03626267984509468,0.1504051238298416,0.0923675075173378,0.07641505263745785,1.04831566474496,-0.008471251092851162,0.016313290832684228,0.043598772585392,0.05207002311944962,1.1083750719260612,0.04093553758071145,-0.0700889 0.0692082 0.044115 0.0516814,-0.0197292 0.00937555 -0.0200084 -0.0213902 0.009396,5.7458426407941685,312.88716827145464,0.06190475448966026,0.15503095090389252,3,2,-1.058502435684204,0.7484142780303955
0,outputs/toy_pretrained_bridge/wikitext_pythia_tokenizer_10k_scale10_test512/toy_relocation_bridge_metrics.csv,6000,test,train,512,512,32,32,5,1,zero,10.0,1.0,False,23.2089900970459,0.7252809405326843,3 3 3 2 3 3 3 2 3 3 0 2 1 3 0 3 0 3 0 3 3 0 2 0 3 3 0 2 2 1 0 0,1.005195853271559,0.8289302587509155,0.7013962864875793,0.9999672463902026,0.9974863767623902,-0.05527622997760773,0.007978586480021477,0.06325481832027435,0.9987541276227256,0.02387409657239914,0.07619049400091171,0.06149537116289139,0.03762127459049225,0.13126160204410553,0.10179297626018524,0.07915032655000687,1.0607146890699086,-0.02350478246808052,0.014528114000839894,0.03238330036401749,0.055888081341981886,1.0896525114285214,0.03719151898575728,-0.0794478 0.0761905 0.050279 0.0484748,-0.0360062 -0.035644 -0.0303046 -0.00753432 -0.0080347,5.815059271384412,335.3112722754444,0.06459864974021912,0.17124992609024048,3,2,-1.0717861652374268,0.8291983604431152
0,outputs/toy_pretrained_bridge/wikitext_pythia_tokenizer_10k_scale10_test512/toy_relocation_bridge_metrics.csv,7000,test,train,512,512,32,32,5,1,zero,10.0,1.0,False,23.901012420654297,0.7469066381454468,3 3 2 3 3 2 3 1 0 3 2 3 3 3 3 0 0 0 3 3 2 3 3 3 3 3 2 0 3 0 2 0,1.003223587632283,0.8593859076499939,0.7791063189506531,1.000128724905088,0.9926102638244629,-0.05887039750814438,0.007648224011063576,0.0665186196565628,0.9974111187791983,0.016049742698669434,0.06729651242494583,0.05723696947097778,0.04118722677230835,0.13574941456317902,0.10974372923374176,0.07492014020681381,1.0550394715082847,-0.02178123462945223,0.019559226544273358,0.0371783010661602,0.058959534764289855,1.155599898174263,0.13590300256206506,-0.0852544 0.0672965 0.0393058 0.0428511,-0.021897 -0.0367247 -0.0175699 -0.0411601 0.00844549,5.905546173335999,367.06765361322846,0.06793437153100967,0.1804671734571457,3,2,-1.1104482412338257,0.8815937042236328
0,outputs/toy_pretrained_bridge/wikitext_pythia_tokenizer_10k_scale10_test512/toy_relocation_bridge_metrics.csv,8000,test,train,512,512,32,32,5,1,zero,10.0,1.0,False,24.286874771118164,0.7589648365974426,3 2 3 3 3 2 2 1 0 3 3 3 0 3 0 3 2 3 0 3 2 3 3 2 3 3 3 2 0 3 3 3,1.0058281134263993,0.8457193970680237,0.7238785624504089,0.9999891285256375,0.9968340158462524,-0.06222029775381088,0.006865161471068859,0.06908545643091202,0.9935481490481782,0.026345713064074516,0.08713837713003159,0.06774746626615524,0.041401755064725876,0.16222693026065826,0.1175491064786911,0.0885660108178854,1.0546267694552118,-0.03844549506902695,0.005123141564378832,0.025556901842355727,0.0640023946762085,1.0522858180221528,0.018176145723977293,-0.0911037 0.0871384 0.0443128 0.0650354,-0.0345935 -0.0338474 -0.0448166 -0.035862 -0.0431081,6.043812038391594,421.49673800291407,0.07028593122959137,0.192057266831398,3,2,-1.0363938808441162,0.9253659248352051
0,outputs/toy_pretrained_bridge/wikitext_pythia_tokenizer_10k_scale10_test512/toy_relocation_bridge_metrics.csv,9000,test,train,512,512,32,32,5,1,zero,10.0,1.0,False,23.845457077026367,0.745170533657074,3 2 3 3 3 2 1 0 2 3 0 3 3 3 3 3 3 0 0 3 2 2 2 3 3 2 3 3 2 3 3 3,1.0032941936410915,0.8542690277099609,0.7382139563560486,1.0000042293684266,0.9954511165618897,-0.06545113027095795,0.006157200317829847,0.07160832732915878,0.9951009801103265,0.015688687562942505,0.062051862478256226,0.0594601109623909,0.043771423399448395,0.16419173777103424,0.13403764367103577,0.08113981783390045,1.0531636070819037,-0.04658490344882012,0.007534909755564084,0.021398214064538477,0.06798311918973923,1.0548628087834924,0.02284413605349042,-0.100534 0.0620519 0.0407999 0.0604372,-0.0416079 -0.0592231 -0.0478985 -0.0415474 -0.0426476,6.157947540283203,472.4573792799593,0.07261406630277634,0.21018347144126892,3,2,-0.9753816723823547,0.9651038646697998
0,outputs/toy_pretrained_bridge/wikitext_pythia_tokenizer_10k_scale10_test512/toy_relocation_bridge_metrics.csv,10000,test,train,512,512,32,32,5,1,zero,10.0,1.0,False,24.505245208740234,0.7657889127731323,3 2 3 3 3 2 2 1 3 3 0 0 3 3 2 3 3 0 2 2 3 3 3 3 0 2 3 3 2 3 3 3,1.0039012848165014,0.859069287776947,0.7165245413780212,1.0000822870489738,1.011637318134308,-0.06514997780323029,0.006272925063967705,0.07142290472984314,0.9918822705785891,0.014864932745695114,0.06825598329305649,0.05918451398611069,0.04431958496570587,0.16316117346286774,0.14072996377944946,0.0800149105489254,1.0594812194252958,-0.03384283985942602,0.014539721842415103,0.031207772344350813,0.06505061239004135,1.090039772080611,0.06998673170937872,-0.103607 0.068256 0.0393955 0.0554149,-0.0333095 -0.0451689 -0.0453473 -0.035658 -0.00973054,6.302415802722841,545.8890787984325,0.07274103164672852,0.21479466557502747,3,2,-0.7869917750358582,0.990763783454895
1,outputs/toy_pretrained_bridge/wikitext_pythia_tokenizer_10k_scale10_test512_seed1/toy_relocation_bridge_metrics.csv,0,test,train,512,512,32,32,5,1,zero,10.0,1.0,False,10.753265380859375,0.33603954315185547,1 3 1 1 0 2 3 1 0 0 1 2 3 1 0 0 3 1 0 3 2 0 1 0 1 2 3 3 0 3 1 1,1.0002662232040846,1.0003440380096436,0.9969179630279541,0.9999759150642769,1.0004828929901124,0.00011288793757557869,0.0312802791595459,0.031167389824986458,1.0001733718251182,5.485955625772476e-06,0.0004920940846204758,0.031217705458402634,0.031212218105793,0.032989561557769775,0.03197643160820007,-0.00010740198194980621,0.9991995368696471,-6.058812141418457e-06,9.104145567886974e-05,0.031170178949832917,0.031176238507032394,1.000842026185195,0.0014710487448036567,1.39941e-05 -0.000437953 -4.61917e-05 0.000492094,4.26527e-05 -0.00011303 3.85456e-05 -9.21176e-05 9.36552e-05,10.858824241818406,51990.91349523432,0.0348634235560894,0.03567120432853699,1,2,-0.0870131254196167,-0.08200119435787201
1,outputs/toy_pretrained_bridge/wikitext_pythia_tokenizer_10k_scale10_test512_seed1/toy_relocation_bridge_metrics.csv,1000,test,train,512,512,32,32,5,1,zero,10.0,1.0,False,20.530719757080078,0.6415849924087524,2 2 2 1 3 1 2 2 3 1 3 1 2 2 0 1 2 2 2 3 1 3 3 2 1 0 1 1 2 2 2 2,1.0003993012850347,0.9934322834014893,1.0,0.99999041938761,1.0,-0.014052873477339745,0.022486519068479538,0.03653939068317413,1.0079638131822546,-0.008028917014598846,0.0027408115565776825,0.027080906555056572,0.03510982543230057,0.04857699200510979,0.0719960480928421,0.006023956462740898,1.0046445501815306,-0.009313588589429855,0.0029519500760186515,0.026429351046681406,0.03574293926358223,1.010271451762325,0.0015272806687820569,-0.0215758 -0.00484599 0.00274081 -0.00843466,-0.00959508 -0.00460303 -0.0101714 -0.0127537 -0.00944475,6.056408198799674,426.8395573890505,0.04003769904375076,0.07578454911708832,0,2,0.015925511717796326,0.015925511717796326
1,outputs/toy_pretrained_bridge/wikitext_pythia_tokenizer_10k_scale10_test512_seed1/toy_relocation_bridge_metrics.csv,2000,test,train,512,512,32,32,5,1,zero,10.0,1.0,False,25.16689682006836,0.7864655256271362,2 3 2 2 3 2 2 1 2 1 3 1 2 2 1 2 0 2 3 3 3 1 3 2 1 2 3 1 3 1 1 1,1.002334251085863,0.9354618191719055,0.901840090751648,1.0000589357711998,1.0138676643371582,-0.02992507442831993,0.016443690285086632,0.04636876657605171,1.0083900659636957,-0.003180510364472866,0.03201642632484436,0.035760194063186646,0.038940709084272385,0.08114907890558243,0.0685001015663147,0.026744564063847065,1.013582945883158,-0.02015691585838795,0.0037454166934340013,0.02426891289651394,0.044425828754901885,1.0119796836033859,0.004045362193494751,-0.0359799 -0.00996372 0.0320164 0.00120511,-0.0179757 -0.0221111 -0.0158106 -0.019428 -0.0254592,5.769818073182594,320.4794235419532,0.048903267830610275,0.08146584033966064,3,0,-0.6936724781990051,0.2658727467060089
1,outputs/toy_pretrained_bridge/wikitext_pythia_tokenizer_10k_scale10_test512_seed1/toy_relocation_bridge_metrics.csv,3000,test,train,512,512,32,32,5,1,zero,10.0,1.0,False,26.735321044921875,0.8354787826538086,2 3 3 2 2 2 2 2 3 1 1 1 3 3 2 3 1 0 3 2 1 2 2 1 3 2 3 2 3 3 2 1,1.0028576189709182,0.9268507957458496,0.9986366033554077,1.0000003792818921,1.0021552562713623,-0.04445616528391838,0.011629799380898476,0.056085966527462006,1.0077734998493182,-0.012505856342613697,0.017443902790546417,0.032892871648073196,0.04539872705936432,0.08511605858802795,0.10197742283344269,0.031950308941304684,1.0132243443075708,-0.023538349941372872,0.004044909543488993,0.02855537459254265,0.05209372416138649,1.0163366603957396,0.0031358334819572026,-0.0602623 -0.0109921 0.0174439 0.00378712,-0.0175465 -0.0276351 -0.0260619 -0.024984 -0.0214643,5.684601821298674,294.30063747192685,0.057688433676958084,0.10653238743543625,3,0,-0.5251927375793457,0.5117901563644409
1,outputs/toy_pretrained_bridge/wikitext_pythia_tokenizer_10k_scale10_test512_seed1/toy_relocation_bridge_metrics.csv,4000,test,train,512,512,32,32,5,1,zero,10.0,1.0,False,28.283967971801758,0.8838739991188049,3 2 3 2 3 2 2 2 2 3 1 3 1 2 2 1 2 2 3 3 2 1 0 3 1 2 2 2 1 3 2 2,1.0036535084364708,0.8776945471763611,0.8928864598274231,1.0000423086160026,1.000723922252655,-0.05150974541902542,0.010019450448453426,0.06152919679880142,1.0066208238041048,-0.0045450665056705475,0.0536385141313076,0.040785618126392365,0.04533068835735321,0.11350227892398834,0.11678649485111237,0.046964678913354874,1.0167248355794882,-0.028252639807760715,0.015277537699788882,0.028875568881630898,0.05712820962071419,1.0215071113037741,0.004101041193614594,-0.0726361 -0.0103514 0.0536385 0.0111687,-0.0399155 -0.0180193 -0.047822 -0.0244401 -0.0110663,5.682167113296629,293.5849729254923,0.06367825716733932,0.13491809368133545,3,1,-1.224013090133667,0.5808521509170532
1,outputs/toy_pretrained_bridge/wikitext_pythia_tokenizer_10k_scale10_test512_seed1/toy_relocation_bridge_metrics.csv,5000,test,train,512,512,32,32,5,1,zero,10.0,1.0,False,29.67148208618164,0.9272338151931763,2 3 3 2 2 3 2 2 1 2 2 2 1 2 2 2 3 2 3 1 3 2 3 1 3 0 2 1 3 1 2 3,1.0019089280246227,0.8854383230209351,0.8382647633552551,1.0001015227007792,1.004042661190033,-0.05856063589453697,0.00877735111862421,0.06733798235654831,1.004891102033976,-0.008060041815042496,0.052919335663318634,0.04142902046442032,0.049489058554172516,0.12550091743469238,0.13157834112644196,0.050500594079494476,1.0166937157309763,-0.03537522479891777,0.013870063659547235,0.028374822810292244,0.06375004649162293,1.0336930411673555,0.009090736072640477,-0.0829656 -0.00943028 0.0529193 0.00723641,-0.0280105 -0.0481028 -0.0337244 -0.0500067 -0.0170318,5.719809194249431,304.8467508941902,0.06956329941749573,0.17202576994895935,3,1,-1.1080821752548218,0.6555277109146118
1,outputs/toy_pretrained_bridge/wikitext_pythia_tokenizer_10k_scale10_test512_seed1/toy_relocation_bridge_metrics.csv,6000,test,train,512,512,32,32,5,1,zero,10.0,1.0,False,31.592267990112305,0.9872583746910095,2 3 2 3 2 3 2 2 2 3 1 2 2 2 1 1 3 2 2 2 3 2 3 2 2 2 2 3 2 0 1 3,1.0020524280407437,0.8499719500541687,0.6949107646942139,1.0001616499195927,1.0086763381958008,-0.06480862945318222,0.00841094646602869,0.07321958243846893,1.0020756814171825,-0.0035816477611660957,0.05296865850687027,0.046189188957214355,0.049770839512348175,0.13082611560821533,0.1355782300233841,0.061226981692016125,1.002171645792801,-0.03225196376442909,0.007534813926571687,0.03534484170377254,0.0675968050956726,1.0309804261442843,0.005101954360829156,-0.0896548 -0.00806119 0.0529687 0.0304207,-0.0293384 -0.0380176 -0.0378289 -0.0203324 -0.0357425,5.825496253066175,338.82923641105896,0.07542282342910767,0.2275591939687729,3,1,-0.6881347894668579,0.6878573298454285
1,outputs/toy_pretrained_bridge/wikitext_pythia_tokenizer_10k_scale10_test512_seed1/toy_relocation_bridge_metrics.csv,7000,test,train,512,512,32,32,5,1,zero,10.0,1.0,False,33.141780853271484,1.0356806516647339,2 3 2 3 2 3 2 2 2 3 1 2 3 2 2 1 2 2 2 1 3 2 2 2 2 2 3 2 2 2 3 2,1.0024457137678853,0.8412385582923889,0.716751217842102,1.0001063141849036,1.0078243613243103,-0.07128524780273438,0.008139217272400856,0.07942447066307068,0.9992276405746712,-0.002681490033864975,0.06461933255195618,0.05105530470609665,0.05373679846525192,0.14521563053131104,0.14606717228889465,0.0686037577688694,1.0168479083674904,-0.05007437691092491,0.010300317282106425,0.025474028661847115,0.07554840594530106,1.0200311452071438,0.010967205940441389,-0.101763 -0.00878083 0.0646193 0.0351981,-0.0478869 -0.0487119 -0.0348282 -0.0615525 -0.0573923,5.951749606395331,384.4253440580587,0.08179214596748352,0.22810465097427368,3,1,-0.807941734790802,0.7094421982765198
1,outputs/toy_pretrained_bridge/wikitext_pythia_tokenizer_10k_scale10_test512_seed1/toy_relocation_bridge_metrics.csv,8000,test,train,512,512,32,32,5,1,zero,10.0,1.0,False,34.313751220703125,1.0723047256469727,2 3 2 3 3 2 3 2 2 2 2 2 3 1 2 2 2 2 2 1 1 2 2 3 2 3 2 2 2 3 1 2,0.9980250984701518,0.826599657535553,0.6666056513786316,0.999964985187358,1.0014183521270752,-0.07428470253944397,0.008599290624260902,0.08288399130105972,0.9964415118844946,0.0011115539819002151,0.069156214594841,0.05614512413740158,0.055033572018146515,0.17961107194423676,0.15456388890743256,0.07539625652134418,1.011767313317033,-0.05130819007754326,0.014134863820692734,0.02705371342599392,0.07836190313100815,1.0337099583976601,0.0028576702260834203,-0.107928 -0.0100024 0.0691562 0.0532203,-0.0645059 -0.0653821 -0.0358056 -0.0530833 -0.0377641,6.065295061727208,430.6497271798772,0.08529703319072723,0.2694075107574463,3,1,-0.3509633243083954,0.7517588138580322
1,outputs/toy_pretrained_bridge/wikitext_pythia_tokenizer_10k_scale10_test512_seed1/toy_relocation_bridge_metrics.csv,9000,test,train,512,512,32,32,5,1,zero,10.0,1.0,False,35.181373596191406,1.0994179248809814,2 3 2 3 2 3 2 3 3 2 2 2 2 1 1 2 2 2 2 1 2 2 2 3 2 2 2 3 3 2 3 3,0.9991360891410019,0.8250512480735779,0.6618664264678955,1.0001659146194712,1.0076504945755005,-0.08170740306377411,0.008051682263612747,0.08975908160209656,0.9976226711667109,-0.0003467574715614319,0.07098766416311264,0.05702375993132591,0.057370513677597046,0.17191007733345032,0.16097375750541687,0.08136064559221268,1.0102852773198194,-0.04763427935540676,0.026483440761143534,0.03673354033380747,0.08436782211065293,1.0413811150222116,0.016572264361309062,-0.114544 -0.0105298 0.0709877 0.0526991,-0.0790374 -0.045907 -0.0514749 -0.005977 -0.0557752,6.173395952840489,479.81276401803893,0.09216798841953278,0.284546434879303,3,1,-0.2526257038116455,0.7811633944511414
1,outputs/toy_pretrained_bridge/wikitext_pythia_tokenizer_10k_scale10_test512_seed1/toy_relocation_bridge_metrics.csv,10000,test,train,512,512,32,32,5,1,zero,10.0,1.0,False,36.846370697021484,1.1514490842819214,2 3 2 2 3 3 2 3 2 2 3 2 2 2 2 2 2 1 2 1 2 2 3 3 2 2 3 2 1 2 2 2,0.9997076026573979,0.8014258146286011,0.6537744402885437,1.0000572265610779,1.005263614654541,-0.07772031426429749,0.007693087216466665,0.08541339635848999,1.0010029202588693,0.003830626606941223,0.07189540565013885,0.05731923505663872,0.053488608449697495,0.1891675442457199,0.16349494457244873,0.08155094087123871,1.0153668224707209,-0.055319032818079,0.007707516228381606,0.026606161519885062,0.0819251924753189,1.042818784804291,0.010968855390625205,-0.116794 -0.0110445 0.0712655 0.0718954,-0.0430206 -0.0539422 -0.0621068 -0.0614724 -0.0560532,6.280879824180302,534.2585106601606,0.08780434727668762,0.25346672534942627,3,1,-0.6160883903503418,0.7716153264045715
2,outputs/toy_pretrained_bridge/wikitext_pythia_tokenizer_10k_scale10_test512_seed2/toy_relocation_bridge_metrics.csv,0,test,train,512,512,32,32,5,1,zero,10.0,1.0,False,11.132301330566406,0.3478844165802002,0 1 2 3 0 0 0 1 3 0 1 0 3 0 3 0 1 2 2 3 0 0 0 0 1 2 2 1 2 3 3 0,1.0006095159843844,1.0035369396209717,1.009428858757019,1.0000281384575844,1.0010275721549988,6.758887320756912e-05,0.03117215260863304,0.031104562804102898,0.9975110758435503,-0.0001390795223414898,0.000321950763463974,0.03103882446885109,0.031177906319499016,0.032583266496658325,0.03210379183292389,-0.00020666839554905891,1.0011482165151147,0.00026553068310022356,0.00021153803395098977,0.031368757411837575,0.03110322579741478,0.9985246062643038,0.0009336590911962082,0.000321951 2.14726e-05 -0.00060581 -0.000293931,0.000289944 2.01953e-05 0.000250533 0.000595804 0.000171177,10.833377627875862,50684.61175739572,0.03478862717747688,0.035352084785699844,2,1,-0.08978379517793655,-0.08623454719781876
2,outputs/toy_pretrained_bridge/wikitext_pythia_tokenizer_10k_scale10_test512_seed2/toy_relocation_bridge_metrics.csv,1000,test,train,512,512,32,32,5,1,zero,10.0,1.0,False,19.11223793029785,0.5972574353218079,2 3 1 1 2 2 3 2 3 2 1 2 2 1 0 1 1 2 0 3 1 2 1 3 1 2 3 3 0 3 2 0,1.0004648703084194,0.9763731956481934,0.9307953119277954,0.9999553509753043,0.9954921126365661,-0.021357469260692596,0.01903665065765381,0.040394119918346405,1.0065336362504178,-0.0027869916521012783,0.00871744379401207,0.03360098972916603,0.03638797998428345,0.051048800349235535,0.06370962411165237,0.018570477608591318,1.0094932683481765,-0.009881999623030425,0.0053213567328318,0.028890037164092063,0.038772035390138626,1.0131235812022876,0.0047711713687053755,-0.0208044 0.00871744 0.00352698 -0.00258796,-0.0112409 -0.0154964 -0.00178993 -0.00781542 -0.0130673,6.055804275152251,426.58185671028735,0.04284344241023064,0.08031018078327179,3,3,-0.37959229946136475,0.02381695620715618
2,outputs/toy_pretrained_bridge/wikitext_pythia_tokenizer_10k_scale10_test512_seed2/toy_relocation_bridge_metrics.csv,2000,test,train,512,512,32,32,5,1,zero,10.0,1.0,False,20.95573616027832,0.6548667550086975,3 3 2 2 2 1 1 2 3 3 3 2 2 3 3 3 1 1 1 2 3 3 2 3 1 3 1 0 2 2 0 2,1.0014915164312275,0.9231676459312439,0.9607512950897217,1.0000273559191402,1.0023449063301086,-0.03143704682588577,0.015352246351540089,0.046789295971393585,1.0096373821764575,0.013192658312618732,0.09075929969549179,0.05049211531877518,0.03729945793747902,0.12123707681894302,0.07708129286766052,0.044629705138504505,1.015713297521666,-0.011665997002273798,0.01066273218688716,0.031270896643400194,0.04293689355254173,1.0201929390936733,0.010710800683328484,-0.0284313 -0.00148969 0.0907593 -0.00806766,-0.0249111 -0.00102654 -0.0109624 -0.00166397 -0.0197659,5.77248319490688,321.3346793900607,0.04788162559270859,0.08983954042196274,3,3,-0.4831264615058899,0.13675493001937866
2,outputs/toy_pretrained_bridge/wikitext_pythia_tokenizer_10k_scale10_test512_seed2/toy_relocation_bridge_metrics.csv,3000,test,train,512,512,32,32,5,1,zero,10.0,1.0,False,23.062252044677734,0.7206953763961792,2 3 2 3 3 2 3 3 2 2 2 1 2 1 3 1 1 3 2 3 3 2 3 2 1 3 2 0 3 1 3 2,1.0009196745716071,0.9494195580482483,0.9281688332557678,0.9999649477347972,0.9908703327178955,-0.0442049503326416,0.01281493715941906,0.05701988562941551,1.0080329048666237,-0.0007274989038705826,0.06347958743572235,0.04432950168848038,0.04505699872970581,0.10825950652360916,0.08415856212377548,0.04347745142877102,1.008019232638044,-0.022673290967941285,0.032054913393367704,0.03096245713531971,0.053635747730731965,1.0601077172762339,0.10281461356853594,-0.0458969 -0.0029922 0.0634796 -0.0175005,-0.0367256 -0.0394896 0.0344975 -0.0330486 -0.0386001,5.703305762583815,299.85702046102807,0.05787001550197601,0.10945530235767365,3,0,-1.8452351093292236,0.5717032551765442
2,outputs/toy_pretrained_bridge/wikitext_pythia_tokenizer_10k_scale10_test512_seed2/toy_relocation_bridge_metrics.csv,4000,test,train,512,512,32,32,5,1,zero,10.0,1.0,False,25.794771194458008,0.8060865998268127,2 3 2 3 3 3 3 2 2 2 2 3 1 2 3 2 2 2 1 3 3 1 0 1 3 2 2 3 2 3 2 3,1.0022104884382836,0.9400149583816528,0.8677334189414978,1.0000029739703606,0.9954447388648987,-0.04868793487548828,0.010989970527589321,0.05967790260910988,1.0081305385137909,-0.0010510897263884544,0.07040427625179291,0.044915031641721725,0.045966118574142456,0.111057810485363,0.1165650337934494,0.04763684514909983,1.0097481941775637,-0.03323108442127705,0.005171444590988958,0.02383777014911175,0.05706885308027267,1.0252119316694355,0.008436528468748214,-0.0654846 -0.00229828 0.0704043 -0.0068258,-0.0261278 -0.0374859 -0.0331547 -0.0305623 -0.0388246,5.700600781778651,299.04700900300946,0.061978258192539215,0.15360984206199646,3,0,-1.5835098028182983,1.046940565109253
2,outputs/toy_pretrained_bridge/wikitext_pythia_tokenizer_10k_scale10_test512_seed2/toy_relocation_bridge_metrics.csv,5000,test,train,512,512,32,32,5,1,zero,10.0,1.0,False,28.353849411010742,0.8860577940940857,2 3 2 3 3 2 3 2 2 3 3 2 2 2 2 1 3 3 2 1 2 3 2 1 3 1 2 3 0 3 2 1,1.0008476423566786,0.9222902655601501,0.8020139932632446,1.000010934139961,1.000417959690094,-0.05978670343756676,0.010127482935786247,0.06991419196128845,1.0052338198370776,-0.005908302962779999,0.04870069772005081,0.04571274667978287,0.051621053367853165,0.1248757541179657,0.14360886812210083,0.05387840047478676,1.0107999389388085,-0.03990795128047466,0.012518330872464815,0.026778296753764152,0.06668624877929688,1.0350949897040918,0.016168233861007925,-0.0785556 -0.00432796 0.0487007 0.0105497,-0.0426841 -0.0430385 -0.0196487 -0.0401599 -0.0540085,5.776342557171199,322.5772224956295,0.07237060368061066,0.2150069624185562,3,0,-0.7777963876724243,1.228727102279663
2,outputs/toy_pretrained_bridge/wikitext_pythia_tokenizer_10k_scale10_test512_seed2/toy_relocation_bridge_metrics.csv,6000,test,train,512,512,32,32,5,1,zero,10.0,1.0,False,30.734540939331055,0.9604544043540955,2 2 3 3 2 2 3 3 2 3 3 3 2 2 2 2 2 3 3 1 3 2 2 1 1 1 2 3 3 3 2 0,0.9986885747742525,0.867423415184021,0.7079893946647644,0.9999394155841231,0.9983508586883545,-0.0629483163356781,0.01049603708088398,0.07344435155391693,1.0074250971456093,0.0051641203463077545,0.06915988028049469,0.055295176804065704,0.05013105645775795,0.17959366738796234,0.1603170782327652,0.06811243668198586,1.0140503492234365,-0.04038291126489639,0.012029785677424906,0.029777276515960693,0.07016018778085709,1.0546790777728032,0.03591989980174842,-0.088213 -0.00346036 0.0691599 0.0431699,-0.0310055 -0.0311679 -0.0501259 -0.056468 -0.0331472,5.861532136211245,351.2619130436232,0.07696413993835449,0.2612711489200592,3,0,-0.34001943469047546,1.31055748462677
2,outputs/toy_pretrained_bridge/wikitext_pythia_tokenizer_10k_scale10_test512_seed2/toy_relocation_bridge_metrics.csv,7000,test,train,512,512,32,32,5,1,zero,10.0,1.0,False,32.727970123291016,1.0227490663528442,2 2 3 3 2 2 3 3 3 2 2 3 2 3 2 2 3 2 1 2 2 2 1 2 3 2 1 2 2 2 1 2,0.9971960209559386,0.8033151030540466,0.6612081527709961,0.999690470576431,1.0044700503349304,-0.06969353556632996,0.008387001231312752,0.07808054238557816,1.0024011419755552,0.02175249345600605,0.11247499287128448,0.06930075585842133,0.047548260539770126,0.23891936242580414,0.17595219612121582,0.091446029022336,1.0242838845397746,-0.0390495516359806,0.02648647361316997,0.03374544531106949,0.07279499918222428,1.034089264632903,0.01629449863585273,-0.0997468 -0.0164098 0.112475 0.0906915,-0.0568885 -0.0355667 -0.0489965 -0.0591587 0.00536275,5.974370280588706,393.220404587947,0.0814296305179596,0.269482284784317,3,0,-0.2783568799495697,1.3908535242080688
2,outputs/toy_pretrained_bridge/wikitext_pythia_tokenizer_10k_scale10_test512_seed2/toy_relocation_bridge_metrics.csv,8000,test,train,512,512,32,32,5,1,zero,10.0,1.0,False,33.21846389770508,1.0380769968032837,2 2 3 3 2 2 3 2 3 3 2 3 2 3 3 2 1 2 2 2 2 3 3 3 2 3 2 3 2 1 3 3,0.9991423314562112,0.8701890707015991,0.6825330257415771,0.999882418201092,1.002462124824524,-0.06754978746175766,0.010958826169371605,0.07850861549377441,1.004239247635862,-0.007175900042057037,0.05031653493642807,0.047918789088726044,0.05509468913078308,0.2037632316350937,0.1832352578639984,0.06037388741970062,1.023632373504475,-0.04243917725980282,0.015574347286822417,0.032494363561272624,0.07493354082107544,1.0404102306704133,0.01347759687254982,-0.104691 -0.0155298 0.0412005 0.0503165,-0.0474308 -0.061458 -0.0210994 -0.0489986 -0.0332091,6.081364128533311,437.62576551991236,0.08277462422847748,0.2790440022945404,3,0,-0.21974147856235504,1.41717529296875
2,outputs/toy_pretrained_bridge/wikitext_pythia_tokenizer_10k_scale10_test512_seed2/toy_relocation_bridge_metrics.csv,9000,test,train,512,512,32,32,5,1,zero,10.0,1.0,False,35.0635986328125,1.0957374572753906,2 2 3 3 2 2 3 2 3 2 2 3 3 3 2 3 2 2 2 2 1 2 3 2 3 2 2 2 3 2 3 0,0.9966386061183641,0.8166826367378235,0.6543545722961426,1.0000444678978082,0.9998876929283143,-0.06998151540756226,0.009544387459754944,0.0795259028673172,1.0061975122265026,-0.0006324537098407745,0.10808317363262177,0.050803713500499725,0.0514361672103405,0.2643035054206848,0.18700532615184784,0.06934906169772148,1.000194871299243,-0.050608464330434796,0.009440053054811513,0.02547375299036503,0.07608221471309662,1.0490391889542885,0.014036330582866824,-0.108435 -0.00565848 0.0034809 0.108083,-0.0413668 -0.0398708 -0.0559583 -0.0610951 -0.0547512,6.231017375555564,508.2723243789664,0.08339016139507294,0.2887178361415863,3,0,-0.24432462453842163,1.421036958694458
2,outputs/toy_pretrained_bridge/wikitext_pythia_tokenizer_10k_scale10_test512_seed2/toy_relocation_bridge_metrics.csv,10000,test,train,512,512,32,32,5,1,zero,10.0,1.0,False,35.868961334228516,1.1209050416946411,2 2 3 3 2 2 2 3 3 3 2 2 3 3 2 2 2 2 1 3 3 2 2 2 2 3 2 3 3 1 2 3,1.0001965212724346,0.8084504008293152,0.748267650604248,0.9999517007386892,1.0031272053718567,-0.0670328438282013,0.010079680010676384,0.07711252570152283,1.0067803469007262,0.007911501452326775,0.09023437649011612,0.0567803680896759,0.04886886477470398,0.22833490371704102,0.1938701868057251,0.07494434528052807,1.0317679908534838,-0.04901955537497997,0.013024796158922438,0.025558166578412055,0.07457771450281143,1.0582261823486616,0.01539459514957302,-0.114287 -0.0162536 0.0719524 0.0902344,-0.0547697 -0.0620386 -0.0274149 -0.0520562 -0.0488184,6.325952274592843,558.889776871977,0.08139605820178986,0.2615710198879242,3,0,-0.5262041687965393,1.457364559173584
