model,source_path,count,control,metric,selected_value,control_value,selected_minus_control
pythia_1b,outputs/preserved_main_paper_figures/sources/figure8_repeated_bos_prefix_metrics.csv,1,bos_repeat_only,ppl_ratio_vs_clean,1.0093041573511223,1.0065881665848728,0.0027159907662495097
pythia_1b,outputs/preserved_main_paper_figures/sources/figure8_repeated_bos_prefix_metrics.csv,1,bos_repeat_only,inserted_attention_mean,0.33697968907654285,0.18309166530768076,0.1538880237688621
pythia_1b,outputs/preserved_main_paper_figures/sources/figure8_repeated_bos_prefix_metrics.csv,1,bos_repeat_only,inserted_minus_bos_mean,0.31014279400308925,9.96313538053073e-05,0.31004316264928394
pythia_1b,outputs/preserved_main_paper_figures/sources/figure8_repeated_bos_prefix_metrics.csv,1,random_copy_bos,ppl_ratio_vs_clean,1.0093041573511223,1.0078163744082163,0.0014877829429060796
pythia_1b,outputs/preserved_main_paper_figures/sources/figure8_repeated_bos_prefix_metrics.csv,1,random_copy_bos,inserted_attention_mean,0.33697968907654285,0.18271541378150383,0.15426427529503903
pythia_1b,outputs/preserved_main_paper_figures/sources/figure8_repeated_bos_prefix_metrics.csv,1,random_copy_bos,inserted_minus_bos_mean,0.31014279400308925,-0.0010711896102293395,0.3112139836133186
pythia_1b,outputs/preserved_main_paper_figures/sources/figure8_repeated_bos_prefix_metrics.csv,1,ordinary_repeat_only,ppl_ratio_vs_clean,1.0093041573511223,0.9952273451560208,0.014076812195101485
pythia_1b,outputs/preserved_main_paper_figures/sources/figure8_repeated_bos_prefix_metrics.csv,1,ordinary_repeat_only,inserted_attention_mean,0.33697968907654285,0.00197996497930338,0.3349997240972395
pythia_1b,outputs/preserved_main_paper_figures/sources/figure8_repeated_bos_prefix_metrics.csv,1,ordinary_repeat_only,inserted_minus_bos_mean,0.31014279400308925,-0.34267829172313213,0.6528210857262213
pythia_1b,outputs/preserved_main_paper_figures/sources/figure8_repeated_bos_prefix_metrics.csv,2,bos_repeat_only,ppl_ratio_vs_clean,1.0167765065918446,1.017060432797562,-0.0002839262057174885
pythia_1b,outputs/preserved_main_paper_figures/sources/figure8_repeated_bos_prefix_metrics.csv,2,bos_repeat_only,inserted_attention_mean,0.36242817093928653,0.25169984344393015,0.11072832749535638
pythia_1b,outputs/preserved_main_paper_figures/sources/figure8_repeated_bos_prefix_metrics.csv,2,bos_repeat_only,inserted_minus_bos_mean,0.3433704450726509,0.12594978604465723,0.21742065902799368
pythia_1b,outputs/preserved_main_paper_figures/sources/figure8_repeated_bos_prefix_metrics.csv,2,random_copy_bos,ppl_ratio_vs_clean,1.0167765065918446,1.0181669972533913,-0.0013904906615467283
pythia_1b,outputs/preserved_main_paper_figures/sources/figure8_repeated_bos_prefix_metrics.csv,2,random_copy_bos,inserted_attention_mean,0.36242817093928653,0.2504725717008114,0.11195559923847515
pythia_1b,outputs/preserved_main_paper_figures/sources/figure8_repeated_bos_prefix_metrics.csv,2,random_copy_bos,inserted_minus_bos_mean,0.3433704450726509,0.123400813434273,0.2199696316383779
pythia_1b,outputs/preserved_main_paper_figures/sources/figure8_repeated_bos_prefix_metrics.csv,2,ordinary_repeat_only,ppl_ratio_vs_clean,1.0167765065918446,0.992215333524871,0.024561173066973585
pythia_1b,outputs/preserved_main_paper_figures/sources/figure8_repeated_bos_prefix_metrics.csv,2,ordinary_repeat_only,inserted_attention_mean,0.36242817093928653,0.0031900250614853576,0.3592381458778012
pythia_1b,outputs/preserved_main_paper_figures/sources/figure8_repeated_bos_prefix_metrics.csv,2,ordinary_repeat_only,inserted_minus_bos_mean,0.3433704450726509,-0.34099292134245235,0.6843633664151032
pythia_1b,outputs/preserved_main_paper_figures/sources/figure8_repeated_bos_prefix_metrics.csv,4,bos_repeat_only,ppl_ratio_vs_clean,1.0395552761779685,1.0405526068804054,-0.000997330702436905
pythia_1b,outputs/preserved_main_paper_figures/sources/figure8_repeated_bos_prefix_metrics.csv,4,bos_repeat_only,inserted_attention_mean,0.3851046214501063,0.31381735143562156,0.07128727001448476
pythia_1b,outputs/preserved_main_paper_figures/sources/figure8_repeated_bos_prefix_metrics.csv,4,bos_repeat_only,inserted_minus_bos_mean,0.3723049641897281,0.23546198072532812,0.13684298346439996
pythia_1b,outputs/preserved_main_paper_figures/sources/figure8_repeated_bos_prefix_metrics.csv,4,random_copy_bos,ppl_ratio_vs_clean,1.0395552761779685,1.0413428121366783,-0.0017875359587098405
pythia_1b,outputs/preserved_main_paper_figures/sources/figure8_repeated_bos_prefix_metrics.csv,4,random_copy_bos,inserted_attention_mean,0.3851046214501063,0.3138953497012456,0.07120927174886071
pythia_1b,outputs/preserved_main_paper_figures/sources/figure8_repeated_bos_prefix_metrics.csv,4,random_copy_bos,inserted_minus_bos_mean,0.3723049641897281,0.2354655129214128,0.1368394512683153
pythia_1b,outputs/preserved_main_paper_figures/sources/figure8_repeated_bos_prefix_metrics.csv,4,ordinary_repeat_only,ppl_ratio_vs_clean,1.0395552761779685,0.9919035004175611,0.047651775760407356
pythia_1b,outputs/preserved_main_paper_figures/sources/figure8_repeated_bos_prefix_metrics.csv,4,ordinary_repeat_only,inserted_attention_mean,0.3851046214501063,0.004925936790338407,0.3801786846597679
pythia_1b,outputs/preserved_main_paper_figures/sources/figure8_repeated_bos_prefix_metrics.csv,4,ordinary_repeat_only,inserted_minus_bos_mean,0.3723049641897281,-0.33791094707945984,0.7102159112691879
pythia_1b,outputs/preserved_main_paper_figures/sources/figure8_repeated_bos_prefix_metrics.csv,8,bos_repeat_only,ppl_ratio_vs_clean,1.0906619362273329,1.0926301009471895,-0.0019681647198566132
pythia_1b,outputs/preserved_main_paper_figures/sources/figure8_repeated_bos_prefix_metrics.csv,8,bos_repeat_only,inserted_attention_mean,0.4097382506976525,0.3659815328816573,0.043756717815995216
pythia_1b,outputs/preserved_main_paper_figures/sources/figure8_repeated_bos_prefix_metrics.csv,8,bos_repeat_only,inserted_minus_bos_mean,0.4015381249288718,0.320349362368385,0.0811887625604868
pythia_1b,outputs/preserved_main_paper_figures/sources/figure8_repeated_bos_prefix_metrics.csv,8,random_copy_bos,ppl_ratio_vs_clean,1.0906619362273329,1.0936185270833312,-0.002956590855998309
pythia_1b,outputs/preserved_main_paper_figures/sources/figure8_repeated_bos_prefix_metrics.csv,8,random_copy_bos,inserted_attention_mean,0.4097382506976525,0.3656569899370273,0.04408126076062524
pythia_1b,outputs/preserved_main_paper_figures/sources/figure8_repeated_bos_prefix_metrics.csv,8,random_copy_bos,inserted_minus_bos_mean,0.4015381249288718,0.31982757709920406,0.08171054782966775
pythia_1b,outputs/preserved_main_paper_figures/sources/figure8_repeated_bos_prefix_metrics.csv,8,ordinary_repeat_only,ppl_ratio_vs_clean,1.0906619362273329,0.9945945999519806,0.09606733627535224
pythia_1b,outputs/preserved_main_paper_figures/sources/figure8_repeated_bos_prefix_metrics.csv,8,ordinary_repeat_only,inserted_attention_mean,0.4097382506976525,0.00941358482426343,0.4003246658733891
pythia_1b,outputs/preserved_main_paper_figures/sources/figure8_repeated_bos_prefix_metrics.csv,8,ordinary_repeat_only,inserted_minus_bos_mean,0.4015381249288718,-0.32941826929648715,0.730956394225359
pythia_1b,outputs/preserved_main_paper_figures/sources/figure8_repeated_bos_prefix_metrics.csv,16,bos_repeat_only,ppl_ratio_vs_clean,1.1949865164975706,1.1971715293743252,-0.002185012876754655
pythia_1b,outputs/preserved_main_paper_figures/sources/figure8_repeated_bos_prefix_metrics.csv,16,bos_repeat_only,inserted_attention_mean,0.4395322259515524,0.41158842605849105,0.02794379989306134
pythia_1b,outputs/preserved_main_paper_figures/sources/figure8_repeated_bos_prefix_metrics.csv,16,bos_repeat_only,inserted_minus_bos_mean,0.4346300270408392,0.38600054817895096,0.04862947886188823
pythia_1b,outputs/preserved_main_paper_figures/sources/figure8_repeated_bos_prefix_metrics.csv,16,random_copy_bos,ppl_ratio_vs_clean,1.1949865164975706,1.196626363977662,-0.0016398474800913831
pythia_1b,outputs/preserved_main_paper_figures/sources/figure8_repeated_bos_prefix_metrics.csv,16,random_copy_bos,inserted_attention_mean,0.4395322259515524,0.41180827530721825,0.02772395064433414
pythia_1b,outputs/preserved_main_paper_figures/sources/figure8_repeated_bos_prefix_metrics.csv,16,random_copy_bos,inserted_minus_bos_mean,0.4346300270408392,0.3863053849587838,0.04832464208205539
pythia_1b,outputs/preserved_main_paper_figures/sources/figure8_repeated_bos_prefix_metrics.csv,16,ordinary_repeat_only,ppl_ratio_vs_clean,1.1949865164975706,1.0015371271929772,0.19344938930459343
pythia_1b,outputs/preserved_main_paper_figures/sources/figure8_repeated_bos_prefix_metrics.csv,16,ordinary_repeat_only,inserted_attention_mean,0.4395322259515524,0.04467019476578571,0.3948620311857667
pythia_1b,outputs/preserved_main_paper_figures/sources/figure8_repeated_bos_prefix_metrics.csv,16,ordinary_repeat_only,inserted_minus_bos_mean,0.4346300270408392,-0.25515817586953443,0.6897882029103737
pythia_1b,outputs/preserved_main_paper_figures/sources/figure8_repeated_bos_prefix_metrics.csv,32,bos_repeat_only,ppl_ratio_vs_clean,1.3847937019643848,1.3907166681772878,-0.0059229662129030025
pythia_1b,outputs/preserved_main_paper_figures/sources/figure8_repeated_bos_prefix_metrics.csv,32,bos_repeat_only,inserted_attention_mean,0.4739857117335002,0.45657957966128987,0.017406132072210312
pythia_1b,outputs/preserved_main_paper_figures/sources/figure8_repeated_bos_prefix_metrics.csv,32,bos_repeat_only,inserted_minus_bos_mean,0.47123041686912376,0.4424704884489377,0.028759928420186043
pythia_1b,outputs/preserved_main_paper_figures/sources/figure8_repeated_bos_prefix_metrics.csv,32,random_copy_bos,ppl_ratio_vs_clean,1.3847937019643848,1.38912011064942,-0.004326408685035199
pythia_1b,outputs/preserved_main_paper_figures/sources/figure8_repeated_bos_prefix_metrics.csv,32,random_copy_bos,inserted_attention_mean,0.4739857117335002,0.4571597184985876,0.016825993234912573
pythia_1b,outputs/preserved_main_paper_figures/sources/figure8_repeated_bos_prefix_metrics.csv,32,random_copy_bos,inserted_minus_bos_mean,0.47123041686912376,0.44298250662783784,0.028247910241285923
pythia_1b,outputs/preserved_main_paper_figures/sources/figure8_repeated_bos_prefix_metrics.csv,32,ordinary_repeat_only,ppl_ratio_vs_clean,1.3847937019643848,1.0482115290430372,0.3365821729213476
pythia_1b,outputs/preserved_main_paper_figures/sources/figure8_repeated_bos_prefix_metrics.csv,32,ordinary_repeat_only,inserted_attention_mean,0.4739857117335002,0.14666002639569342,0.32732568533780676
pythia_1b,outputs/preserved_main_paper_figures/sources/figure8_repeated_bos_prefix_metrics.csv,32,ordinary_repeat_only,inserted_minus_bos_mean,0.47123041686912376,-0.07700041204225272,0.5482308289113764
pythia_1b,outputs/preserved_main_paper_figures/sources/figure8_repeated_bos_prefix_metrics.csv,64,bos_repeat_only,ppl_ratio_vs_clean,1.7540680269283246,1.76092261754167,-0.006854590613345257
pythia_1b,outputs/preserved_main_paper_figures/sources/figure8_repeated_bos_prefix_metrics.csv,64,bos_repeat_only,inserted_attention_mean,0.5162233710289001,0.5056306043018898,0.010592766727010372
pythia_1b,outputs/preserved_main_paper_figures/sources/figure8_repeated_bos_prefix_metrics.csv,64,bos_repeat_only,inserted_minus_bos_mean,0.5147679466754198,0.497909227386117,0.016858719289302826
pythia_1b,outputs/preserved_main_paper_figures/sources/figure8_repeated_bos_prefix_metrics.csv,64,random_copy_bos,ppl_ratio_vs_clean,1.7540680269283246,1.761312588707629,-0.007244561779304437
pythia_1b,outputs/preserved_main_paper_figures/sources/figure8_repeated_bos_prefix_metrics.csv,64,random_copy_bos,inserted_attention_mean,0.5162233710289001,0.5061676589151224,0.01005571211377776
pythia_1b,outputs/preserved_main_paper_figures/sources/figure8_repeated_bos_prefix_metrics.csv,64,random_copy_bos,inserted_minus_bos_mean,0.5147679466754198,0.49841680750250816,0.016351139172911644
pythia_1b,outputs/preserved_main_paper_figures/sources/figure8_repeated_bos_prefix_metrics.csv,64,ordinary_repeat_only,ppl_ratio_vs_clean,1.7540680269283246,1.1709681707892958,0.5830998561390288
pythia_1b,outputs/preserved_main_paper_figures/sources/figure8_repeated_bos_prefix_metrics.csv,64,ordinary_repeat_only,inserted_attention_mean,0.5162233710289001,0.2412356725350643,0.27498769849383586
pythia_1b,outputs/preserved_main_paper_figures/sources/figure8_repeated_bos_prefix_metrics.csv,64,ordinary_repeat_only,inserted_minus_bos_mean,0.5147679466754198,0.07586446491768584,0.43890348175773397
llama3_2_3b,outputs/sink_hijacking_attack/repeated_bos_prefix/llama3_2_3b_20260714/repeated_bos_prefix_metrics.csv,8,bos_repeat_only,ppl_ratio_vs_clean,1.6775723991051044,1.468111090842851,0.2094613082622534
llama3_2_3b,outputs/sink_hijacking_attack/repeated_bos_prefix/llama3_2_3b_20260714/repeated_bos_prefix_metrics.csv,8,bos_repeat_only,inserted_attention_mean,0.6550599901626507,0.5909459938605627,0.06411399630208803
llama3_2_3b,outputs/sink_hijacking_attack/repeated_bos_prefix/llama3_2_3b_20260714/repeated_bos_prefix_metrics.csv,8,bos_repeat_only,inserted_minus_bos_mean,0.6480632101496061,0.5170679747437438,0.13099523540586233
llama3_2_3b,outputs/sink_hijacking_attack/repeated_bos_prefix/llama3_2_3b_20260714/repeated_bos_prefix_metrics.csv,8,random_copy_bos,ppl_ratio_vs_clean,1.6775723991051044,1.4680487943366864,0.20952360476841791
llama3_2_3b,outputs/sink_hijacking_attack/repeated_bos_prefix/llama3_2_3b_20260714/repeated_bos_prefix_metrics.csv,8,random_copy_bos,inserted_attention_mean,0.6550599901626507,0.5909665363530318,0.06409345380961895
llama3_2_3b,outputs/sink_hijacking_attack/repeated_bos_prefix/llama3_2_3b_20260714/repeated_bos_prefix_metrics.csv,8,random_copy_bos,inserted_minus_bos_mean,0.6480632101496061,0.5170804943578938,0.13098271579171228
llama3_2_3b,outputs/sink_hijacking_attack/repeated_bos_prefix/llama3_2_3b_20260714/repeated_bos_prefix_metrics.csv,8,ordinary_repeat_only,ppl_ratio_vs_clean,1.6775723991051044,0.9926601770122924,0.684912222092812
llama3_2_3b,outputs/sink_hijacking_attack/repeated_bos_prefix/llama3_2_3b_20260714/repeated_bos_prefix_metrics.csv,8,ordinary_repeat_only,inserted_attention_mean,0.6550599901626507,0.0023989408570438777,0.6526610493056069
llama3_2_3b,outputs/sink_hijacking_attack/repeated_bos_prefix/llama3_2_3b_20260714/repeated_bos_prefix_metrics.csv,8,ordinary_repeat_only,inserted_minus_bos_mean,0.6480632101496061,-0.6235795694713792,1.2716427796209853
llama3_2_3b,outputs/sink_hijacking_attack/repeated_bos_prefix/llama3_2_3b_20260714/repeated_bos_prefix_metrics.csv,16,bos_repeat_only,ppl_ratio_vs_clean,2.3399743922836316,1.9628918096746237,0.37708258260900784
llama3_2_3b,outputs/sink_hijacking_attack/repeated_bos_prefix/llama3_2_3b_20260714/repeated_bos_prefix_metrics.csv,16,bos_repeat_only,inserted_attention_mean,0.6676630449170867,0.6315121067066988,0.03615093821038795
llama3_2_3b,outputs/sink_hijacking_attack/repeated_bos_prefix/llama3_2_3b_20260714/repeated_bos_prefix_metrics.csv,16,bos_repeat_only,inserted_minus_bos_mean,0.663729725095133,0.5920336991548538,0.07169602594027913
llama3_2_3b,outputs/sink_hijacking_attack/repeated_bos_prefix/llama3_2_3b_20260714/repeated_bos_prefix_metrics.csv,16,random_copy_bos,ppl_ratio_vs_clean,2.3399743922836316,1.9638326553927559,0.3761417368908757
llama3_2_3b,outputs/sink_hijacking_attack/repeated_bos_prefix/llama3_2_3b_20260714/repeated_bos_prefix_metrics.csv,16,random_copy_bos,inserted_attention_mean,0.6676630449170867,0.631516458466649,0.03614658645043767
llama3_2_3b,outputs/sink_hijacking_attack/repeated_bos_prefix/llama3_2_3b_20260714/repeated_bos_prefix_metrics.csv,16,random_copy_bos,inserted_minus_bos_mean,0.663729725095133,0.5920380270108581,0.07169169808427489
llama3_2_3b,outputs/sink_hijacking_attack/repeated_bos_prefix/llama3_2_3b_20260714/repeated_bos_prefix_metrics.csv,16,ordinary_repeat_only,ppl_ratio_vs_clean,2.3399743922836316,0.9933317409773721,1.3466426513062595
llama3_2_3b,outputs/sink_hijacking_attack/repeated_bos_prefix/llama3_2_3b_20260714/repeated_bos_prefix_metrics.csv,16,ordinary_repeat_only,inserted_attention_mean,0.6676630449170867,0.0027292248190254518,0.6649338200980612
llama3_2_3b,outputs/sink_hijacking_attack/repeated_bos_prefix/llama3_2_3b_20260714/repeated_bos_prefix_metrics.csv,16,ordinary_repeat_only,inserted_minus_bos_mean,0.663729725095133,-0.6230570649107298,1.2867867900058627
llama3_2_3b,outputs/sink_hijacking_attack/repeated_bos_prefix/llama3_2_3b_20260714/repeated_bos_prefix_metrics.csv,32,bos_repeat_only,ppl_ratio_vs_clean,4.558674906494366,3.7415985874137943,0.8170763190805714
llama3_2_3b,outputs/sink_hijacking_attack/repeated_bos_prefix/llama3_2_3b_20260714/repeated_bos_prefix_metrics.csv,32,bos_repeat_only,inserted_attention_mean,0.6940897963941097,0.6712643519664804,0.02282544442762935
llama3_2_3b,outputs/sink_hijacking_attack/repeated_bos_prefix/llama3_2_3b_20260714/repeated_bos_prefix_metrics.csv,32,bos_repeat_only,inserted_minus_bos_mean,0.6918874656160673,0.6502792121221622,0.04160825349390507
llama3_2_3b,outputs/sink_hijacking_attack/repeated_bos_prefix/llama3_2_3b_20260714/repeated_bos_prefix_metrics.csv,32,random_copy_bos,ppl_ratio_vs_clean,4.558674906494366,3.7400894535011533,0.8185854529932124
llama3_2_3b,outputs/sink_hijacking_attack/repeated_bos_prefix/llama3_2_3b_20260714/repeated_bos_prefix_metrics.csv,32,random_copy_bos,inserted_attention_mean,0.6940897963941097,0.6712370940173665,0.022852702376743195
llama3_2_3b,outputs/sink_hijacking_attack/repeated_bos_prefix/llama3_2_3b_20260714/repeated_bos_prefix_metrics.csv,32,random_copy_bos,inserted_minus_bos_mean,0.6918874656160673,0.6502548201630513,0.04163264545301604
llama3_2_3b,outputs/sink_hijacking_attack/repeated_bos_prefix/llama3_2_3b_20260714/repeated_bos_prefix_metrics.csv,32,ordinary_repeat_only,ppl_ratio_vs_clean,4.558674906494366,0.9936949132711916,3.564979993223174
llama3_2_3b,outputs/sink_hijacking_attack/repeated_bos_prefix/llama3_2_3b_20260714/repeated_bos_prefix_metrics.csv,32,ordinary_repeat_only,inserted_attention_mean,0.6940897963941097,0.0030867845647056433,0.691003011829404
llama3_2_3b,outputs/sink_hijacking_attack/repeated_bos_prefix/llama3_2_3b_20260714/repeated_bos_prefix_metrics.csv,32,ordinary_repeat_only,inserted_minus_bos_mean,0.6918874656160673,-0.622347293732067,1.3142347593481343
llama3_2_3b,outputs/sink_hijacking_attack/repeated_bos_prefix/llama3_2_3b_20260714/repeated_bos_prefix_metrics.csv,64,bos_repeat_only,ppl_ratio_vs_clean,21.327679129120913,19.06979960563349,2.2578795234874214
llama3_2_3b,outputs/sink_hijacking_attack/repeated_bos_prefix/llama3_2_3b_20260714/repeated_bos_prefix_metrics.csv,64,bos_repeat_only,inserted_attention_mean,0.7527715414762497,0.7370787064234415,0.015692835052808163
llama3_2_3b,outputs/sink_hijacking_attack/repeated_bos_prefix/llama3_2_3b_20260714/repeated_bos_prefix_metrics.csv,64,bos_repeat_only,inserted_minus_bos_mean,0.7515227878466249,0.7255548750981688,0.025967912748456
llama3_2_3b,outputs/sink_hijacking_attack/repeated_bos_prefix/llama3_2_3b_20260714/repeated_bos_prefix_metrics.csv,64,random_copy_bos,ppl_ratio_vs_clean,21.327679129120913,19.100017294363326,2.227661834757587
llama3_2_3b,outputs/sink_hijacking_attack/repeated_bos_prefix/llama3_2_3b_20260714/repeated_bos_prefix_metrics.csv,64,random_copy_bos,inserted_attention_mean,0.7527715414762497,0.7371284033482274,0.015643138128022316
llama3_2_3b,outputs/sink_hijacking_attack/repeated_bos_prefix/llama3_2_3b_20260714/repeated_bos_prefix_metrics.csv,64,random_copy_bos,inserted_minus_bos_mean,0.7515227878466249,0.7256044624373317,0.025918325409293175
llama3_2_3b,outputs/sink_hijacking_attack/repeated_bos_prefix/llama3_2_3b_20260714/repeated_bos_prefix_metrics.csv,64,ordinary_repeat_only,ppl_ratio_vs_clean,21.327679129120913,0.996328868035622,20.33135026108529
llama3_2_3b,outputs/sink_hijacking_attack/repeated_bos_prefix/llama3_2_3b_20260714/repeated_bos_prefix_metrics.csv,64,ordinary_repeat_only,inserted_attention_mean,0.7527715414762497,0.0035621874182349225,0.7492093540580148
llama3_2_3b,outputs/sink_hijacking_attack/repeated_bos_prefix/llama3_2_3b_20260714/repeated_bos_prefix_metrics.csv,64,ordinary_repeat_only,inserted_minus_bos_mean,0.7515227878466249,-0.6212721805398663,1.3727949683864913
qwen3_4b,outputs/sink_hijacking_attack/repeated_bos_prefix/qwen3_4b_20260714/repeated_bos_prefix_metrics.csv,8,bos_repeat_only,ppl_ratio_vs_clean,0.9692079480232821,0.9652399720391664,0.00396797598411569
qwen3_4b,outputs/sink_hijacking_attack/repeated_bos_prefix/qwen3_4b_20260714/repeated_bos_prefix_metrics.csv,8,bos_repeat_only,inserted_attention_mean,0.49230319711690146,0.4378646065791448,0.05443859053775668
qwen3_4b,outputs/sink_hijacking_attack/repeated_bos_prefix/qwen3_4b_20260714/repeated_bos_prefix_metrics.csv,8,bos_repeat_only,inserted_minus_bos_mean,0.490772588023295,0.3831639306930204,0.10760865733027458
qwen3_4b,outputs/sink_hijacking_attack/repeated_bos_prefix/qwen3_4b_20260714/repeated_bos_prefix_metrics.csv,8,random_copy_bos,ppl_ratio_vs_clean,0.9692079480232821,0.9651406696731311,0.004067278350151082
qwen3_4b,outputs/sink_hijacking_attack/repeated_bos_prefix/qwen3_4b_20260714/repeated_bos_prefix_metrics.csv,8,random_copy_bos,inserted_attention_mean,0.49230319711690146,0.4378904798068106,0.05441271731009084
qwen3_4b,outputs/sink_hijacking_attack/repeated_bos_prefix/qwen3_4b_20260714/repeated_bos_prefix_metrics.csv,8,random_copy_bos,inserted_minus_bos_mean,0.490772588023295,0.38316814027105767,0.10760444775223732
qwen3_4b,outputs/sink_hijacking_attack/repeated_bos_prefix/qwen3_4b_20260714/repeated_bos_prefix_metrics.csv,8,ordinary_repeat_only,ppl_ratio_vs_clean,0.9692079480232821,0.9744184774034689,-0.005210529380186735
qwen3_4b,outputs/sink_hijacking_attack/repeated_bos_prefix/qwen3_4b_20260714/repeated_bos_prefix_metrics.csv,8,ordinary_repeat_only,inserted_attention_mean,0.49230319711690146,0.0035349237429424343,0.488768273373959
qwen3_4b,outputs/sink_hijacking_attack/repeated_bos_prefix/qwen3_4b_20260714/repeated_bos_prefix_metrics.csv,8,ordinary_repeat_only,inserted_minus_bos_mean,0.490772588023295,-0.42832733302687603,0.919099921050171
qwen3_4b,outputs/sink_hijacking_attack/repeated_bos_prefix/qwen3_4b_20260714/repeated_bos_prefix_metrics.csv,16,bos_repeat_only,ppl_ratio_vs_clean,0.985474065962601,0.9829483405913055,0.002525725371295473
qwen3_4b,outputs/sink_hijacking_attack/repeated_bos_prefix/qwen3_4b_20260714/repeated_bos_prefix_metrics.csv,16,bos_repeat_only,inserted_attention_mean,0.5072240852750838,0.4750084419113894,0.03221564336369437
qwen3_4b,outputs/sink_hijacking_attack/repeated_bos_prefix/qwen3_4b_20260714/repeated_bos_prefix_metrics.csv,16,bos_repeat_only,inserted_minus_bos_mean,0.5060509727336466,0.44534782599657774,0.06070314673706889
qwen3_4b,outputs/sink_hijacking_attack/repeated_bos_prefix/qwen3_4b_20260714/repeated_bos_prefix_metrics.csv,16,random_copy_bos,ppl_ratio_vs_clean,0.985474065962601,0.9830808952085336,0.0023931707540674196
qwen3_4b,outputs/sink_hijacking_attack/repeated_bos_prefix/qwen3_4b_20260714/repeated_bos_prefix_metrics.csv,16,random_copy_bos,inserted_attention_mean,0.5072240852750838,0.4749897716877361,0.032234313587347685
qwen3_4b,outputs/sink_hijacking_attack/repeated_bos_prefix/qwen3_4b_20260714/repeated_bos_prefix_metrics.csv,16,random_copy_bos,inserted_minus_bos_mean,0.5060509727336466,0.4453377639874816,0.06071320874616504
qwen3_4b,outputs/sink_hijacking_attack/repeated_bos_prefix/qwen3_4b_20260714/repeated_bos_prefix_metrics.csv,16,ordinary_repeat_only,ppl_ratio_vs_clean,0.985474065962601,0.9705078163174724,0.014966249645128604
qwen3_4b,outputs/sink_hijacking_attack/repeated_bos_prefix/qwen3_4b_20260714/repeated_bos_prefix_metrics.csv,16,ordinary_repeat_only,inserted_attention_mean,0.5072240852750838,0.0044684409064454185,0.5027556443686384
qwen3_4b,outputs/sink_hijacking_attack/repeated_bos_prefix/qwen3_4b_20260714/repeated_bos_prefix_metrics.csv,16,ordinary_repeat_only,inserted_minus_bos_mean,0.5060509727336466,-0.4266077005304396,0.9326586732640862
qwen3_4b,outputs/sink_hijacking_attack/repeated_bos_prefix/qwen3_4b_20260714/repeated_bos_prefix_metrics.csv,32,bos_repeat_only,ppl_ratio_vs_clean,1.0179670890205517,1.0137423332957394,0.00422475572481229
qwen3_4b,outputs/sink_hijacking_attack/repeated_bos_prefix/qwen3_4b_20260714/repeated_bos_prefix_metrics.csv,32,bos_repeat_only,inserted_attention_mean,0.5235601187062761,0.5039796714360515,0.019580447270224566
qwen3_4b,outputs/sink_hijacking_attack/repeated_bos_prefix/qwen3_4b_20260714/repeated_bos_prefix_metrics.csv,32,bos_repeat_only,inserted_minus_bos_mean,0.522676610853523,0.4882589296127359,0.03441768124078709
qwen3_4b,outputs/sink_hijacking_attack/repeated_bos_prefix/qwen3_4b_20260714/repeated_bos_prefix_metrics.csv,32,random_copy_bos,ppl_ratio_vs_clean,1.0179670890205517,1.0143935674553413,0.0035735215652104024
qwen3_4b,outputs/sink_hijacking_attack/repeated_bos_prefix/qwen3_4b_20260714/repeated_bos_prefix_metrics.csv,32,random_copy_bos,inserted_attention_mean,0.5235601187062761,0.504025143571198,0.01953497513507807
qwen3_4b,outputs/sink_hijacking_attack/repeated_bos_prefix/qwen3_4b_20260714/repeated_bos_prefix_metrics.csv,32,random_copy_bos,inserted_minus_bos_mean,0.522676610853523,0.4883033945225179,0.034373216331005096
qwen3_4b,outputs/sink_hijacking_attack/repeated_bos_prefix/qwen3_4b_20260714/repeated_bos_prefix_metrics.csv,32,ordinary_repeat_only,ppl_ratio_vs_clean,1.0179670890205517,0.9684465367588845,0.04952055226166718
qwen3_4b,outputs/sink_hijacking_attack/repeated_bos_prefix/qwen3_4b_20260714/repeated_bos_prefix_metrics.csv,32,ordinary_repeat_only,inserted_attention_mean,0.5235601187062761,0.005894506515081351,0.5176656121911947
qwen3_4b,outputs/sink_hijacking_attack/repeated_bos_prefix/qwen3_4b_20260714/repeated_bos_prefix_metrics.csv,32,ordinary_repeat_only,inserted_minus_bos_mean,0.522676610853523,-0.4236511131748557,0.9463277240283787
qwen3_4b,outputs/sink_hijacking_attack/repeated_bos_prefix/qwen3_4b_20260714/repeated_bos_prefix_metrics.csv,64,bos_repeat_only,ppl_ratio_vs_clean,1.071520673939611,1.0649747237027758,0.006545950236835241
qwen3_4b,outputs/sink_hijacking_attack/repeated_bos_prefix/qwen3_4b_20260714/repeated_bos_prefix_metrics.csv,64,bos_repeat_only,inserted_attention_mean,0.5403539060304562,0.5275651573513945,0.012788748679061657
qwen3_4b,outputs/sink_hijacking_attack/repeated_bos_prefix/qwen3_4b_20260714/repeated_bos_prefix_metrics.csv,64,bos_repeat_only,inserted_minus_bos_mean,0.5397149920463562,0.5193525638120869,0.02036242823426926
qwen3_4b,outputs/sink_hijacking_attack/repeated_bos_prefix/qwen3_4b_20260714/repeated_bos_prefix_metrics.csv,64,random_copy_bos,ppl_ratio_vs_clean,1.071520673939611,1.0651815906458193,0.006339083293791736
qwen3_4b,outputs/sink_hijacking_attack/repeated_bos_prefix/qwen3_4b_20260714/repeated_bos_prefix_metrics.csv,64,random_copy_bos,inserted_attention_mean,0.5403539060304562,0.5275883399881423,0.012765566042313936
qwen3_4b,outputs/sink_hijacking_attack/repeated_bos_prefix/qwen3_4b_20260714/repeated_bos_prefix_metrics.csv,64,random_copy_bos,inserted_minus_bos_mean,0.5397149920463562,0.5193773383895556,0.020337653656800625
qwen3_4b,outputs/sink_hijacking_attack/repeated_bos_prefix/qwen3_4b_20260714/repeated_bos_prefix_metrics.csv,64,ordinary_repeat_only,ppl_ratio_vs_clean,1.071520673939611,0.9668491939526471,0.10467147998696391
qwen3_4b,outputs/sink_hijacking_attack/repeated_bos_prefix/qwen3_4b_20260714/repeated_bos_prefix_metrics.csv,64,ordinary_repeat_only,inserted_attention_mean,0.5403539060304562,0.00870877586324544,0.5316451301672107
qwen3_4b,outputs/sink_hijacking_attack/repeated_bos_prefix/qwen3_4b_20260714/repeated_bos_prefix_metrics.csv,64,ordinary_repeat_only,inserted_minus_bos_mean,0.5397149920463562,-0.4194231907216211,0.9591381827679772
mistral_7b_v0_1,outputs/sink_hijacking_attack/repeated_bos_prefix/mistral_7b_v0_1_20260714/repeated_bos_prefix_metrics.csv,8,bos_repeat_only,ppl_ratio_vs_clean,1.525615002153133,1.2204191582919437,0.30519584386118925
mistral_7b_v0_1,outputs/sink_hijacking_attack/repeated_bos_prefix/mistral_7b_v0_1_20260714/repeated_bos_prefix_metrics.csv,8,bos_repeat_only,inserted_attention_mean,0.5941043815885981,0.5529594020918012,0.04114497949679696
mistral_7b_v0_1,outputs/sink_hijacking_attack/repeated_bos_prefix/mistral_7b_v0_1_20260714/repeated_bos_prefix_metrics.csv,8,bos_repeat_only,inserted_minus_bos_mean,0.5480797762672106,0.4837348568253219,0.06434491944188869
mistral_7b_v0_1,outputs/sink_hijacking_attack/repeated_bos_prefix/mistral_7b_v0_1_20260714/repeated_bos_prefix_metrics.csv,8,random_copy_bos,ppl_ratio_vs_clean,1.525615002153133,1.2203812373244478,0.30523376482868514
mistral_7b_v0_1,outputs/sink_hijacking_attack/repeated_bos_prefix/mistral_7b_v0_1_20260714/repeated_bos_prefix_metrics.csv,8,random_copy_bos,inserted_attention_mean,0.5941043815885981,0.5529583090295395,0.041146072559058666
mistral_7b_v0_1,outputs/sink_hijacking_attack/repeated_bos_prefix/mistral_7b_v0_1_20260714/repeated_bos_prefix_metrics.csv,8,random_copy_bos,inserted_minus_bos_mean,0.5480797762672106,0.48373649797091883,0.06434327829629177
mistral_7b_v0_1,outputs/sink_hijacking_attack/repeated_bos_prefix/mistral_7b_v0_1_20260714/repeated_bos_prefix_metrics.csv,8,ordinary_repeat_only,ppl_ratio_vs_clean,1.525615002153133,0.993749413474235,0.531865588678898
mistral_7b_v0_1,outputs/sink_hijacking_attack/repeated_bos_prefix/mistral_7b_v0_1_20260714/repeated_bos_prefix_metrics.csv,8,ordinary_repeat_only,inserted_attention_mean,0.5941043815885981,0.006038387394558716,0.5880659941940394
mistral_7b_v0_1,outputs/sink_hijacking_attack/repeated_bos_prefix/mistral_7b_v0_1_20260714/repeated_bos_prefix_metrics.csv,8,ordinary_repeat_only,inserted_minus_bos_mean,0.5480797762672106,-0.4543908340856433,1.0024706103528538
mistral_7b_v0_1,outputs/sink_hijacking_attack/repeated_bos_prefix/mistral_7b_v0_1_20260714/repeated_bos_prefix_metrics.csv,16,bos_repeat_only,ppl_ratio_vs_clean,2.2281153280893116,1.6669859012808035,0.5611294268085081
mistral_7b_v0_1,outputs/sink_hijacking_attack/repeated_bos_prefix/mistral_7b_v0_1_20260714/repeated_bos_prefix_metrics.csv,16,bos_repeat_only,inserted_attention_mean,0.6240037505825361,0.6001793782537183,0.023824372328817844
mistral_7b_v0_1,outputs/sink_hijacking_attack/repeated_bos_prefix/mistral_7b_v0_1_20260714/repeated_bos_prefix_metrics.csv,16,bos_repeat_only,inserted_minus_bos_mean,0.5969487084075809,0.562561707260708,0.034387001146872875
mistral_7b_v0_1,outputs/sink_hijacking_attack/repeated_bos_prefix/mistral_7b_v0_1_20260714/repeated_bos_prefix_metrics.csv,16,random_copy_bos,ppl_ratio_vs_clean,2.2281153280893116,1.6669696670392964,0.5611456610500152
mistral_7b_v0_1,outputs/sink_hijacking_attack/repeated_bos_prefix/mistral_7b_v0_1_20260714/repeated_bos_prefix_metrics.csv,16,random_copy_bos,inserted_attention_mean,0.6240037505825361,0.6001785583794117,0.0238251922031244
mistral_7b_v0_1,outputs/sink_hijacking_attack/repeated_bos_prefix/mistral_7b_v0_1_20260714/repeated_bos_prefix_metrics.csv,16,random_copy_bos,inserted_minus_bos_mean,0.5969487084075809,0.5625620263939103,0.034386682013670566
mistral_7b_v0_1,outputs/sink_hijacking_attack/repeated_bos_prefix/mistral_7b_v0_1_20260714/repeated_bos_prefix_metrics.csv,16,ordinary_repeat_only,ppl_ratio_vs_clean,2.2281153280893116,0.9941122982697965,1.234003029819515
mistral_7b_v0_1,outputs/sink_hijacking_attack/repeated_bos_prefix/mistral_7b_v0_1_20260714/repeated_bos_prefix_metrics.csv,16,ordinary_repeat_only,inserted_attention_mean,0.6240037505825361,0.006976768175566879,0.6170269824069692
mistral_7b_v0_1,outputs/sink_hijacking_attack/repeated_bos_prefix/mistral_7b_v0_1_20260714/repeated_bos_prefix_metrics.csv,16,ordinary_repeat_only,inserted_minus_bos_mean,0.5969487084075809,-0.45353222203751403,1.0504809304450948
mistral_7b_v0_1,outputs/sink_hijacking_attack/repeated_bos_prefix/mistral_7b_v0_1_20260714/repeated_bos_prefix_metrics.csv,32,bos_repeat_only,ppl_ratio_vs_clean,5.301977550613521,3.593171336424903,1.708806214188618
mistral_7b_v0_1,outputs/sink_hijacking_attack/repeated_bos_prefix/mistral_7b_v0_1_20260714/repeated_bos_prefix_metrics.csv,32,bos_repeat_only,inserted_attention_mean,0.6530342645322283,0.6380048105493188,0.015029453982909557
mistral_7b_v0_1,outputs/sink_hijacking_attack/repeated_bos_prefix/mistral_7b_v0_1_20260714/repeated_bos_prefix_metrics.csv,32,bos_repeat_only,inserted_minus_bos_mean,0.6367785666758815,0.6179631960888704,0.018815370587011104
mistral_7b_v0_1,outputs/sink_hijacking_attack/repeated_bos_prefix/mistral_7b_v0_1_20260714/repeated_bos_prefix_metrics.csv,32,random_copy_bos,ppl_ratio_vs_clean,5.301977550613521,3.593418941599462,1.7085586090140588
mistral_7b_v0_1,outputs/sink_hijacking_attack/repeated_bos_prefix/mistral_7b_v0_1_20260714/repeated_bos_prefix_metrics.csv,32,random_copy_bos,inserted_attention_mean,0.6530342645322283,0.6379949407031139,0.015039323829114437
mistral_7b_v0_1,outputs/sink_hijacking_attack/repeated_bos_prefix/mistral_7b_v0_1_20260714/repeated_bos_prefix_metrics.csv,32,random_copy_bos,inserted_minus_bos_mean,0.6367785666758815,0.6179530210793018,0.018825545596579674
mistral_7b_v0_1,outputs/sink_hijacking_attack/repeated_bos_prefix/mistral_7b_v0_1_20260714/repeated_bos_prefix_metrics.csv,32,ordinary_repeat_only,ppl_ratio_vs_clean,5.301977550613521,0.9941744810466295,4.307803069566892
mistral_7b_v0_1,outputs/sink_hijacking_attack/repeated_bos_prefix/mistral_7b_v0_1_20260714/repeated_bos_prefix_metrics.csv,32,ordinary_repeat_only,inserted_attention_mean,0.6530342645322283,0.011860063671823204,0.6411742008604051
mistral_7b_v0_1,outputs/sink_hijacking_attack/repeated_bos_prefix/mistral_7b_v0_1_20260714/repeated_bos_prefix_metrics.csv,32,ordinary_repeat_only,inserted_minus_bos_mean,0.6367785666758815,-0.4462399883195758,1.0830185549954572
mistral_7b_v0_1,outputs/sink_hijacking_attack/repeated_bos_prefix/mistral_7b_v0_1_20260714/repeated_bos_prefix_metrics.csv,64,bos_repeat_only,ppl_ratio_vs_clean,18.113057510450062,15.245448137962759,2.867609372487303
mistral_7b_v0_1,outputs/sink_hijacking_attack/repeated_bos_prefix/mistral_7b_v0_1_20260714/repeated_bos_prefix_metrics.csv,64,bos_repeat_only,inserted_attention_mean,0.7117683279017607,0.7014243124673764,0.010344015434384346
mistral_7b_v0_1,outputs/sink_hijacking_attack/repeated_bos_prefix/mistral_7b_v0_1_20260714/repeated_bos_prefix_metrics.csv,64,bos_repeat_only,inserted_minus_bos_mean,0.7016362613067031,0.6903708086659511,0.01126545264075196
mistral_7b_v0_1,outputs/sink_hijacking_attack/repeated_bos_prefix/mistral_7b_v0_1_20260714/repeated_bos_prefix_metrics.csv,64,random_copy_bos,ppl_ratio_vs_clean,18.113057510450062,15.244322867798791,2.8687346426512708
mistral_7b_v0_1,outputs/sink_hijacking_attack/repeated_bos_prefix/mistral_7b_v0_1_20260714/repeated_bos_prefix_metrics.csv,64,random_copy_bos,inserted_attention_mean,0.7117683279017607,0.701428140203158,0.010340187698602676
mistral_7b_v0_1,outputs/sink_hijacking_attack/repeated_bos_prefix/mistral_7b_v0_1_20260714/repeated_bos_prefix_metrics.csv,64,random_copy_bos,inserted_minus_bos_mean,0.7016362613067031,0.6903746550281843,0.011261606278518799
mistral_7b_v0_1,outputs/sink_hijacking_attack/repeated_bos_prefix/mistral_7b_v0_1_20260714/repeated_bos_prefix_metrics.csv,64,ordinary_repeat_only,ppl_ratio_vs_clean,18.113057510450062,0.9962480087558074,17.116809501694256
mistral_7b_v0_1,outputs/sink_hijacking_attack/repeated_bos_prefix/mistral_7b_v0_1_20260714/repeated_bos_prefix_metrics.csv,64,ordinary_repeat_only,inserted_attention_mean,0.7117683279017607,0.02168364677830444,0.6900846811234562
mistral_7b_v0_1,outputs/sink_hijacking_attack/repeated_bos_prefix/mistral_7b_v0_1_20260714/repeated_bos_prefix_metrics.csv,64,ordinary_repeat_only,inserted_minus_bos_mean,0.7016362613067031,-0.43094976475307095,1.132586026059774
